time,epoch,step,phase,lossD,lossG,g_gan,g_spec,r1,lrG,lrD,delta_scale,inst_sigma,evasion,val_evasion
1761486151,0,0,train,-0.000518798828125,-0.008655671030282974,-0.0289154052734375,0.020259734243154526,6.052993921912275e-05,0.0001,0.00015,0.029991,0.11975999999999999,0.0,nan
1761486151,0,0,train,-0.000518798828125,-0.008655671030282974,-0.0289154052734375,0.020259734243154526,6.052993921912275e-05,0.0001,0.00015,0.029991,0.11975999999999999,0.0,nan
1761486151,0,0,train,-0.000518798828125,-0.008655671030282974,-0.0289154052734375,0.020259734243154526,6.052993921912275e-05,0.0001,0.00015,0.029991,0.11975999999999999,0.0,nan
1761486151,0,0,train,-0.000518798828125,-0.008655671030282974,-0.0289154052734375,0.020259734243154526,6.052993921912275e-05,0.0001,0.00015,0.029991,0.11975999999999999,0.0,nan
1761486224,0,100,train,0.00048828125,0.0011985574383288622,0.0002772808074951172,0.0009212765726260841,0.00011482219269964844,0.0001,0.00015,0.029104500999904154,0.09803156052948608,0.0,nan
1761486225,0,100,train,0.00048828125,0.0011985574383288622,0.0002772808074951172,0.0009212765726260841,0.00011482219269964844,0.0001,0.00015,0.029104500999904154,0.09803156052948608,0.0,nan
1761486227,0,100,train,0.00048828125,0.0011985574383288622,0.0002772808074951172,0.0009212765726260841,0.00011482219269964844,0.0001,0.00015,0.029104500999904154,0.09803156052948608,0.0,nan
1761486227,0,100,train,0.00048828125,0.0011985574383288622,0.0002772808074951172,0.0009212765726260841,0.00011482219269964844,0.0001,0.00015,0.029104500999904154,0.09803156052948608,0.0,nan
1761486300,0,200,train,-0.0002288818359375,0.02307933196425438,0.0221710205078125,0.0009083106415346265,4.19004718423821e-05,0.0001,0.00015,0.028244205876877117,0.08024538126124167,0.0,nan
1761486301,0,200,train,-0.0002288818359375,0.02307933196425438,0.0221710205078125,0.0009083106415346265,4.19004718423821e-05,0.0001,0.00015,0.028244205876877117,0.08024538126124167,0.0,nan
1761486305,0,200,train,-0.0002288818359375,0.02307933196425438,0.0221710205078125,0.0009083106415346265,4.19004718423821e-05,0.0001,0.00015,0.028244205876877117,0.08024538126124167,0.0,nan
1761486305,0,200,train,-0.0002288818359375,0.02307933196425438,0.0221710205078125,0.0009083106415346265,4.19004718423821e-05,0.0001,0.00015,0.028244205876877117,0.08024538126124167,0.0,nan
1761486377,0,300,train,-7.62939453125e-05,0.02359146624803543,0.0229339599609375,0.0006575054721906781,9.40522295422852e-06,0.0001,0.00015,0.027409340074858082,0.06568620533001922,0.0,nan
1761486379,0,300,train,-7.62939453125e-05,0.02359146624803543,0.0229339599609375,0.0006575054721906781,9.40522295422852e-06,0.0001,0.00015,0.027409340074858082,0.06568620533001922,0.0,nan
1761486383,0,300,train,-7.62939453125e-05,0.02359146624803543,0.0229339599609375,0.0006575054721906781,9.40522295422852e-06,0.0001,0.00015,0.027409340074858082,0.06568620533001922,0.0,nan
1761486383,0,300,train,-7.62939453125e-05,0.02359146624803543,0.0229339599609375,0.0006575054721906781,9.40522295422852e-06,0.0001,0.00015,0.027409340074858082,0.06568620533001922,0.0,nan
1761486462,0,400,train,3.0517578125e-05,0.016598891466856003,0.015899658203125,0.0006992325652390718,1.161892942036502e-05,0.0001,0.00015,0.02659915193276051,0.053768547209101826,0.0,nan
1761486463,0,400,train,3.0517578125e-05,0.016598891466856003,0.015899658203125,0.0006992325652390718,1.161892942036502e-05,0.0001,0.00015,0.02659915193276051,0.053768547209101826,0.0,nan
1761486467,0,400,train,3.0517578125e-05,0.016598891466856003,0.015899658203125,0.0006992325652390718,1.161892942036502e-05,0.0001,0.00015,0.02659915193276051,0.053768547209101826,0.0,nan
1761486467,0,400,train,3.0517578125e-05,0.016598891466856003,0.015899658203125,0.0006992325652390718,1.161892942036502e-05,0.0001,0.00015,0.02659915193276051,0.053768547209101826,0.0,nan
1761486542,0,500,train,-7.62939453125e-05,0.010806405916810036,0.0101776123046875,0.0006287931464612484,8.514664841641206e-06,0.0001,0.00015,0.02581291200772333,0.044013147881693346,0.0,nan
1761486543,0,500,train,-7.62939453125e-05,0.010806405916810036,0.0101776123046875,0.0006287931464612484,8.514664841641206e-06,0.0001,0.00015,0.02581291200772333,0.044013147881693346,0.0,nan
1761486547,0,500,train,-7.62939453125e-05,0.010806405916810036,0.0101776123046875,0.0006287931464612484,8.514664841641206e-06,0.0001,0.00015,0.02581291200772333,0.044013147881693346,0.0,nan
1761486547,0,500,train,-7.62939453125e-05,0.010806405916810036,0.0101776123046875,0.0006287931464612484,8.514664841641206e-06,0.0001,0.00015,0.02581291200772333,0.044013147881693346,0.0,nan
1761486559,0,521,epoch,-0.00024119677333136208,0.0058658713945893715,0.004392556974846662,0.0014733143975098409,0.0001754089681227729,0.0001,0.00015,0.025658475142962944,0.04228567394907884,0.0,nan
1761486559,0,521,epoch,-0.00024119677333136208,0.0058658713945893715,0.004392556974846662,0.0014733143975098409,0.0001754089681227729,0.0001,0.00015,0.025658475142962944,0.04228567394907884,0.0,nan
1761486562,0,521,val_end,nan,0.015154270455241203,0.014481384307146072,3.364431904628873e-05,nan,0.0001,0.00015,0.025658475142962944,0.04228567394907884,nan,0.0
1761486562,0,521,epoch,-0.00024119677333136208,0.0058658713945893715,0.004392556974846662,0.0014733143975098409,0.0001754089681227729,0.0001,0.00015,0.025658475142962944,0.04228567394907884,0.0,nan
1761486562,0,521,epoch,-0.00024119677333136208,0.0058658713945893715,0.004392556974846662,0.0014733143975098409,0.0001754089681227729,0.0001,0.00015,0.025658475142962944,0.04228567394907884,0.0,nan
1761486562,0,521,val_end,nan,0.015154270455241203,0.014481384307146072,3.364431904628873e-05,nan,0.0001,0.00015,0.025658475142962944,0.04228567394907884,nan,0.0
1761486566,0,521,val_end,nan,0.015154270455241203,0.014481384307146072,3.364431904628873e-05,nan,0.0001,0.00015,0.025658475142962944,0.04228567394907884,nan,0.0
1761486566,0,521,val_end,nan,0.015154270455241203,0.014481384307146072,3.364431904628873e-05,nan,0.0001,0.00015,0.025658475142962944,0.04228567394907884,nan,0.0
1761486625,1,600,train,3.0517578125e-05,0.018099844455718994,0.01751708984375,0.0005827555432915688,2.7760058856074465e-06,0.0001,0.00015,0.025049912418366207,0.036027701825796954,0.0,nan
1761486626,1,600,train,3.0517578125e-05,0.018099844455718994,0.01751708984375,0.0005827555432915688,2.7760058856074465e-06,0.0001,0.00015,0.025049912418366207,0.036027701825796954,0.0,nan
1761486633,1,600,train,3.0517578125e-05,0.018099844455718994,0.01751708984375,0.0005827555432915688,2.7760058856074465e-06,0.0001,0.00015,0.025049912418366207,0.036027701825796954,0.0,nan
1761486633,1,600,train,3.0517578125e-05,0.018099844455718994,0.01751708984375,0.0005827555432915688,2.7760058856074465e-06,0.0001,0.00015,0.025049912418366207,0.036027701825796954,0.0,nan
1761486705,1,700,train,0.0,0.01637042686343193,0.015869140625,0.0005012862384319305,2.776238034130074e-06,0.0001,0.00015,0.02430946620745726,0.029491080763810035,0.0,nan
1761486706,1,700,train,0.0,0.01637042686343193,0.015869140625,0.0005012862384319305,2.776238034130074e-06,0.0001,0.00015,0.02430946620745726,0.029491080763810035,0.0,nan
1761486713,1,700,train,0.0,0.01637042686343193,0.015869140625,0.0005012862384319305,2.776238034130074e-06,0.0001,0.00015,0.02430946620745726,0.029491080763810035,0.0,nan
1761486714,1,700,train,0.0,0.01637042686343193,0.015869140625,0.0005012862384319305,2.776238034130074e-06,0.0001,0.00015,0.02430946620745726,0.029491080763810035,0.0,nan
1761486784,1,800,train,-7.62939453125e-06,0.01377587579190731,0.01323699951171875,0.0005388758727349341,1.8651385289558675e-06,0.0001,0.00015,0.023590906723419566,0.024140419747640335,0.0,nan
1761486785,1,800,train,-7.62939453125e-06,0.01377587579190731,0.01323699951171875,0.0005388758727349341,1.8651385289558675e-06,0.0001,0.00015,0.023590906723419566,0.024140419747640335,0.0,nan
1761486791,1,800,train,-7.62939453125e-06,0.01377587579190731,0.01323699951171875,0.0005388758727349341,1.8651385289558675e-06,0.0001,0.00015,0.023590906723419566,0.024140419747640335,0.0,nan
1761486792,1,800,train,-7.62939453125e-06,0.01377587579190731,0.01323699951171875,0.0005388758727349341,1.8651385289558675e-06,0.0001,0.00015,0.023590906723419566,0.024140419747640335,0.0,nan
1761486862,1,900,train,-1.52587890625e-05,0.013220003806054592,0.01267242431640625,0.0005475793732330203,1.2688714150499436e-06,0.0001,0.00015,0.022893587020119732,0.02,0.0,nan
1761486863,1,900,train,-1.52587890625e-05,0.013220003806054592,0.01267242431640625,0.0005475793732330203,1.2688714150499436e-06,0.0001,0.00015,0.022893587020119732,0.02,0.0,nan
1761486870,1,900,train,-1.52587890625e-05,0.013220003806054592,0.01267242431640625,0.0005475793732330203,1.2688714150499436e-06,0.0001,0.00015,0.022893587020119732,0.02,0.0,nan
1761486871,1,900,train,-1.52587890625e-05,0.013220003806054592,0.01267242431640625,0.0005475793732330203,1.2688714150499436e-06,0.0001,0.00015,0.022893587020119732,0.02,0.0,nan
1761486945,1,1000,train,0.0,0.008552043698728085,0.00811004638671875,0.0004419973702169955,1.1985134733549785e-06,0.0001,0.00015,0.022216879274397913,0.02,0.0,nan
1761486945,1,1000,train,0.0,0.008552043698728085,0.00811004638671875,0.0004419973702169955,1.1985134733549785e-06,0.0001,0.00015,0.022216879274397913,0.02,0.0,nan
1761486953,1,1000,train,0.0,0.008552043698728085,0.00811004638671875,0.0004419973702169955,1.1985134733549785e-06,0.0001,0.00015,0.022216879274397913,0.02,0.0,nan
1761486954,1,1000,train,0.0,0.008552043698728085,0.00811004638671875,0.0004419973702169955,1.1985134733549785e-06,0.0001,0.00015,0.022216879274397913,0.02,0.0,nan
1761486976,1,1042,epoch,3.4412816023872363e-07,0.014014235097064053,0.013501743895078576,0.000512491172211309,2.0948643493944046e-06,0.0001,0.00015,0.021945244888734936,0.02,0.0,nan
1761486976,1,1042,epoch,3.4412816023872363e-07,0.014014235097064053,0.013501743895078576,0.000512491172211309,2.0948643493944046e-06,0.0001,0.00015,0.021945244888734936,0.02,0.0,nan
1761486980,1,1042,val_end,nan,0.010598134249448776,0.010124308988451958,2.369124376855325e-05,nan,0.0001,0.00015,0.021945244888734936,0.02,nan,0.0
1761486980,1,1042,val_end,nan,0.010598134249448776,0.010124308988451958,2.369124376855325e-05,nan,0.0001,0.00015,0.021945244888734936,0.02,nan,0.0
1761486982,1,1042,epoch,3.4412816023872363e-07,0.014014235097064053,0.013501743895078576,0.000512491172211309,2.0948643493944046e-06,0.0001,0.00015,0.021945244888734936,0.02,0.0,nan
1761486982,1,1042,epoch,3.4412816023872363e-07,0.014014235097064053,0.013501743895078576,0.000512491172211309,2.0948643493944046e-06,0.0001,0.00015,0.021945244888734936,0.02,0.0,nan
1761486986,1,1042,val_end,nan,0.010598134249448776,0.010124308988451958,2.369124376855325e-05,nan,0.0001,0.00015,0.021945244888734936,0.02,nan,0.0
1761486986,1,1042,val_end,nan,0.010598134249448776,0.010124308988451958,2.369124376855325e-05,nan,0.0001,0.00015,0.021945244888734936,0.02,nan,0.0
1761487026,2,1100,train,1.1444091796875e-05,0.007384672295302153,0.0071258544921875,0.00025881771580316126,5.546617671825516e-07,0.0001,0.00015,0.02156017422081504,0.02,0.0,nan
1761487026,2,1100,train,1.1444091796875e-05,0.007384672295302153,0.0071258544921875,0.00025881771580316126,5.546617671825516e-07,0.0001,0.00015,0.02156017422081504,0.02,0.0,nan
1761487034,2,1100,train,1.1444091796875e-05,0.007384672295302153,0.0071258544921875,0.00025881771580316126,5.546617671825516e-07,0.0001,0.00015,0.02156017422081504,0.02,0.0,nan
1761487034,2,1100,train,1.1444091796875e-05,0.007384672295302153,0.0071258544921875,0.00025881771580316126,5.546617671825516e-07,0.0001,0.00015,0.02156017422081504,0.02,0.0,nan
1761487108,2,1200,train,-1.9073486328125e-06,0.0040160431526601315,0.0035877227783203125,0.00042832025792449713,1.3236016229711822e-06,0.0001,0.00015,0.020922880603108228,0.02,0.0,nan
1761487108,2,1200,train,-1.9073486328125e-06,0.0040160431526601315,0.0035877227783203125,0.00042832025792449713,1.3236016229711822e-06,0.0001,0.00015,0.020922880603108228,0.02,0.0,nan
1761487114,2,1200,train,-1.9073486328125e-06,0.0040160431526601315,0.0035877227783203125,0.00042832025792449713,1.3236016229711822e-06,0.0001,0.00015,0.020922880603108228,0.02,0.0,nan
1761487114,2,1200,train,-1.9073486328125e-06,0.0040160431526601315,0.0035877227783203125,0.00042832025792449713,1.3236016229711822e-06,0.0001,0.00015,0.020922880603108228,0.02,0.0,nan
1761487188,2,1300,train,0.0,0.010046884417533875,0.00971221923828125,0.0003346647717989981,4.849963488595677e-07,0.0001,0.00015,0.02030442464186051,0.02,0.0,nan
1761487188,2,1300,train,0.0,0.010046884417533875,0.00971221923828125,0.0003346647717989981,4.849963488595677e-07,0.0001,0.00015,0.02030442464186051,0.02,0.0,nan
1761487195,2,1300,train,0.0,0.010046884417533875,0.00971221923828125,0.0003346647717989981,4.849963488595677e-07,0.0001,0.00015,0.02030442464186051,0.02,0.0,nan
1761487195,2,1300,train,0.0,0.010046884417533875,0.00971221923828125,0.0003346647717989981,4.849963488595677e-07,0.0001,0.00015,0.02030442464186051,0.02,0.0,nan
1761487267,2,1400,train,-7.62939453125e-06,0.00881338119506836,0.00836181640625,0.00045156473061069846,6.843300752734649e-07,0.0001,0.00015,0.019704249517905646,0.02,0.0,nan
1761487267,2,1400,train,-7.62939453125e-06,0.00881338119506836,0.00836181640625,0.00045156473061069846,6.843300752734649e-07,0.0001,0.00015,0.019704249517905646,0.02,0.0,nan
1761487274,2,1400,train,-7.62939453125e-06,0.00881338119506836,0.00836181640625,0.00045156473061069846,6.843300752734649e-07,0.0001,0.00015,0.019704249517905646,0.02,0.0,nan
1761487274,2,1400,train,-7.62939453125e-06,0.00881338119506836,0.00836181640625,0.00045156473061069846,6.843300752734649e-07,0.0001,0.00015,0.019704249517905646,0.02,0.0,nan
1761487347,2,1500,train,0.0,0.008033010177314281,0.00772857666015625,0.00030443331343121827,6.692664555885131e-07,0.0001,0.00015,0.019121814871002823,0.02,0.0,nan
1761487347,2,1500,train,0.0,0.008033010177314281,0.00772857666015625,0.00030443331343121827,6.692664555885131e-07,0.0001,0.00015,0.019121814871002823,0.02,0.0,nan
1761487349,2,1500,val,nan,0.007993835024535656,0.007673642598092556,1.6009618775569834e-05,nan,0.0001,0.00015,0.019121814871002823,0.02,nan,0.0
1761487349,2,1500,val,nan,0.007993835024535656,0.007673642598092556,1.6009618775569834e-05,nan,0.0001,0.00015,0.019121814871002823,0.02,nan,0.0
1761487354,2,1500,train,0.0,0.008033010177314281,0.00772857666015625,0.00030443331343121827,6.692664555885131e-07,0.0001,0.00015,0.019121814871002823,0.02,0.0,nan
1761487354,2,1500,train,0.0,0.008033010177314281,0.00772857666015625,0.00030443331343121827,6.692664555885131e-07,0.0001,0.00015,0.019121814871002823,0.02,0.0,nan
1761487356,2,1500,val,nan,0.007993835024535656,0.007673642598092556,1.6009618775569834e-05,nan,0.0001,0.00015,0.019121814871002823,0.02,nan,0.0
1761487356,2,1500,val,nan,0.007993835024535656,0.007673642598092556,1.6009618775569834e-05,nan,0.0001,0.00015,0.019121814871002823,0.02,nan,0.0
1761487399,2,1563,epoch,-6.955781962272073e-08,0.008135648820130958,0.007754913447228137,0.000380735364635323,7.436323676400175e-07,0.0001,0.00015,0.01876938401612801,0.02,0.0,nan
1761487399,2,1563,epoch,-6.955781962272073e-08,0.008135648820130958,0.007754913447228137,0.000380735364635323,7.436323676400175e-07,0.0001,0.00015,0.01876938401612801,0.02,0.0,nan
1761487403,2,1563,val_end,nan,0.007158115040510893,0.006813826970756054,1.721439912216738e-05,nan,0.0001,0.00015,0.01876938401612801,0.02,nan,0.0
1761487403,2,1563,val_end,nan,0.007158115040510893,0.006813826970756054,1.721439912216738e-05,nan,0.0001,0.00015,0.01876938401612801,0.02,nan,0.0
1761487404,2,1563,epoch,-6.955781962272073e-08,0.008135648820130958,0.007754913447228137,0.000380735364635323,7.436323676400175e-07,0.0001,0.00015,0.01876938401612801,0.02,0.0,nan
1761487404,2,1563,epoch,-6.955781962272073e-08,0.008135648820130958,0.007754913447228137,0.000380735364635323,7.436323676400175e-07,0.0001,0.00015,0.01876938401612801,0.02,0.0,nan
1761487408,2,1563,val_end,nan,0.007158115040510893,0.006813826970756054,1.721439912216738e-05,nan,0.0001,0.00015,0.01876938401612801,0.02,nan,0.0
1761487408,2,1563,val_end,nan,0.007158115040510893,0.006813826970756054,1.721439912216738e-05,nan,0.0001,0.00015,0.01876938401612801,0.02,nan,0.0
1761487432,3,1600,train,0.0,0.005824628286063671,0.0055084228515625,0.0003162052307743579,3.398050694158883e-07,0.0001,0.00015,0.018556596313330117,0.02,0.0,nan
1761487433,3,1600,train,0.0,0.005824628286063671,0.0055084228515625,0.0003162052307743579,3.398050694158883e-07,0.0001,0.00015,0.018556596313330117,0.02,0.0,nan
1761487440,3,1600,train,0.0,0.005824628286063671,0.0055084228515625,0.0003162052307743579,3.398050694158883e-07,0.0001,0.00015,0.018556596313330117,0.02,0.0,nan
1761487440,3,1600,train,0.0,0.005824628286063671,0.0055084228515625,0.0003162052307743579,3.398050694158883e-07,0.0001,0.00015,0.018556596313330117,0.02,0.0,nan
1761487512,3,1700,train,1.9073486328125e-06,0.0023713717237114906,0.002079010009765625,0.00029236177215352654,4.0318158767149725e-07,0.0001,0.00015,0.018008084957358367,0.02,0.0,nan
1761487513,3,1700,train,1.9073486328125e-06,0.0023713717237114906,0.002079010009765625,0.00029236177215352654,4.0318158767149725e-07,0.0001,0.00015,0.018008084957358367,0.02,0.0,nan
1761487522,3,1700,train,1.9073486328125e-06,0.0023713717237114906,0.002079010009765625,0.00029236177215352654,4.0318158767149725e-07,0.0001,0.00015,0.018008084957358367,0.02,0.0,nan
1761487522,3,1700,train,1.9073486328125e-06,0.0023713717237114906,0.002079010009765625,0.00029236177215352654,4.0318158767149725e-07,0.0001,0.00015,0.018008084957358367,0.02,0.0,nan
1761487593,3,1800,train,0.0,0.0026855210307985544,0.002399444580078125,0.00028607650892809033,2.9526137268476305e-07,0.0001,0.00015,0.017475786957680494,0.02,0.0,nan
1761487594,3,1800,train,0.0,0.0026855210307985544,0.002399444580078125,0.00028607650892809033,2.9526137268476305e-07,0.0001,0.00015,0.017475786957680494,0.02,0.0,nan
1761487603,3,1800,train,0.0,0.0026855210307985544,0.002399444580078125,0.00028607650892809033,2.9526137268476305e-07,0.0001,0.00015,0.017475786957680494,0.02,0.0,nan
1761487603,3,1800,train,0.0,0.0026855210307985544,0.002399444580078125,0.00028607650892809033,2.9526137268476305e-07,0.0001,0.00015,0.017475786957680494,0.02,0.0,nan
1761487671,3,1900,train,0.0,0.0058722179383039474,0.005542755126953125,0.00032946260762400925,5.790222417090263e-07,0.0001,0.00015,0.016959223066384043,0.02,0.0,nan
1761487673,3,1900,train,0.0,0.0058722179383039474,0.005542755126953125,0.00032946260762400925,5.790222417090263e-07,0.0001,0.00015,0.016959223066384043,0.02,0.0,nan
1761487682,3,1900,train,0.0,0.0058722179383039474,0.005542755126953125,0.00032946260762400925,5.790222417090263e-07,0.0001,0.00015,0.016959223066384043,0.02,0.0,nan
1761487683,3,1900,train,0.0,0.0058722179383039474,0.005542755126953125,0.00032946260762400925,5.790222417090263e-07,0.0001,0.00015,0.016959223066384043,0.02,0.0,nan
1761487752,3,2000,train,1.9073486328125e-06,0.0029360135085880756,0.0026950836181640625,0.00024092978856060654,2.6738942437987134e-07,0.0001,0.00015,0.01645792820156619,0.02,0.0,nan
1761487753,3,2000,train,1.9073486328125e-06,0.0029360135085880756,0.0026950836181640625,0.00024092978856060654,2.6738942437987134e-07,0.0001,0.00015,0.01645792820156619,0.02,0.0,nan
1761487762,3,2000,train,1.9073486328125e-06,0.0029360135085880756,0.0026950836181640625,0.00024092978856060654,2.6738942437987134e-07,0.0001,0.00015,0.01645792820156619,0.02,0.0,nan
1761487763,3,2000,train,1.9073486328125e-06,0.0029360135085880756,0.0026950836181640625,0.00024092978856060654,2.6738942437987134e-07,0.0001,0.00015,0.01645792820156619,0.02,0.0,nan
1761487816,3,2084,epoch,5.033789577960053e-08,0.004121827765259777,0.0038315494778975415,0.00029027829079771673,4.0407625079605835e-07,0.0001,0.00015,0.016053125774218253,0.02,0.0,nan
1761487817,3,2084,epoch,5.033789577960053e-08,0.004121827765259777,0.0038315494778975415,0.00029027829079771673,4.0407625079605835e-07,0.0001,0.00015,0.016053125774218253,0.02,0.0,nan
1761487820,3,2084,val_end,nan,0.005987975746393204,0.00565687520429492,1.655503365327604e-05,nan,0.0001,0.00015,0.016053125774218253,0.02,nan,0.0
1761487820,3,2084,val_end,nan,0.005987975746393204,0.00565687520429492,1.655503365327604e-05,nan,0.0001,0.00015,0.016053125774218253,0.02,nan,0.0
1761487824,3,2084,epoch,5.033789577960053e-08,0.004121827765259777,0.0038315494778975415,0.00029027829079771673,4.0407625079605835e-07,0.0001,0.00015,0.016053125774218253,0.02,0.0,nan
1761487824,3,2084,epoch,5.033789577960053e-08,0.004121827765259777,0.0038315494778975415,0.00029027829079771673,4.0407625079605835e-07,0.0001,0.00015,0.016053125774218253,0.02,0.0,nan
1761487828,3,2084,val_end,nan,0.005987975746393204,0.00565687520429492,1.655503365327604e-05,nan,0.0001,0.00015,0.016053125774218253,0.02,nan,0.0
1761487828,3,2084,val_end,nan,0.005987975746393204,0.00565687520429492,1.655503365327604e-05,nan,0.0001,0.00015,0.016053125774218253,0.02,nan,0.0
1761487831,4,2100,train,0.0,0.006609070114791393,0.0063018798828125,0.00030719011556357145,9.517266335024033e-07,0.0001,0.00015,0.01597145102860306,0.02,0.0,nan
1761487831,4,2100,train,0.0,0.006609070114791393,0.0063018798828125,0.00030719011556357145,9.517266335024033e-07,0.0001,0.00015,0.01597145102860306,0.02,0.0,nan
1761487843,4,2100,train,0.0,0.006609070114791393,0.0063018798828125,0.00030719011556357145,9.517266335024033e-07,0.0001,0.00015,0.01597145102860306,0.02,0.0,nan
1761487843,4,2100,train,0.0,0.006609070114791393,0.0063018798828125,0.00030719011556357145,9.517266335024033e-07,0.0001,0.00015,0.01597145102860306,0.02,0.0,nan
1761487910,4,2200,train,3.814697265625e-06,0.002983954967930913,0.0026988983154296875,0.000285056623397395,3.6621833032768336e-07,0.0001,0.00015,0.015499353553796084,0.02,0.0,nan
1761487910,4,2200,train,3.814697265625e-06,0.002983954967930913,0.0026988983154296875,0.000285056623397395,3.6621833032768336e-07,0.0001,0.00015,0.015499353553796084,0.02,0.0,nan
1761487921,4,2200,train,3.814697265625e-06,0.002983954967930913,0.0026988983154296875,0.000285056623397395,3.6621833032768336e-07,0.0001,0.00015,0.015499353553796084,0.02,0.0,nan
1761487922,4,2200,train,3.814697265625e-06,0.002983954967930913,0.0026988983154296875,0.000285056623397395,3.6621833032768336e-07,0.0001,0.00015,0.015499353553796084,0.02,0.0,nan
1761487987,4,2300,train,-3.814697265625e-06,0.004345384892076254,0.004123687744140625,0.0002216970024164766,3.576929543669394e-07,0.0001,0.00015,0.015041210730029887,0.02,0.0,nan
1761487987,4,2300,train,-3.814697265625e-06,0.004345384892076254,0.004123687744140625,0.0002216970024164766,3.576929543669394e-07,0.0001,0.00015,0.015041210730029887,0.02,0.0,nan
1761487998,4,2300,train,-3.814697265625e-06,0.004345384892076254,0.004123687744140625,0.0002216970024164766,3.576929543669394e-07,0.0001,0.00015,0.015041210730029887,0.02,0.0,nan
1761487998,4,2300,train,-3.814697265625e-06,0.004345384892076254,0.004123687744140625,0.0002216970024164766,3.576929543669394e-07,0.0001,0.00015,0.015041210730029887,0.02,0.0,nan
1761488065,4,2400,train,3.814697265625e-06,0.003827933222055435,0.0036220550537109375,0.0002058780810330063,3.7813001085851283e-07,0.0001,0.00015,0.014596610074086358,0.02,0.0,nan
1761488065,4,2400,train,3.814697265625e-06,0.003827933222055435,0.0036220550537109375,0.0002058780810330063,3.7813001085851283e-07,0.0001,0.00015,0.014596610074086358,0.02,0.0,nan
1761488075,4,2400,train,3.814697265625e-06,0.003827933222055435,0.0036220550537109375,0.0002058780810330063,3.7813001085851283e-07,0.0001,0.00015,0.014596610074086358,0.02,0.0,nan
1761488076,4,2400,train,3.814697265625e-06,0.003827933222055435,0.0036220550537109375,0.0002058780810330063,3.7813001085851283e-07,0.0001,0.00015,0.014596610074086358,0.02,0.0,nan
1761488144,4,2500,train,-5.7220458984375e-06,0.0035880208015441895,0.003368377685546875,0.0002196431451011449,3.483566501927271e-07,0.0001,0.00015,0.014165151295270498,0.02,0.0,nan
1761488144,4,2500,train,-5.7220458984375e-06,0.0035880208015441895,0.003368377685546875,0.0002196431451011449,3.483566501927271e-07,0.0001,0.00015,0.014165151295270498,0.02,0.0,nan
1761488153,4,2500,train,-5.7220458984375e-06,0.0035880208015441895,0.003368377685546875,0.0002196431451011449,3.483566501927271e-07,0.0001,0.00015,0.014165151295270498,0.02,0.0,nan
1761488154,4,2500,train,-5.7220458984375e-06,0.0035880208015441895,0.003368377685546875,0.0002196431451011449,3.483566501927271e-07,0.0001,0.00015,0.014165151295270498,0.02,0.0,nan
1761488224,4,2600,train,1.9073486328125e-06,0.0028264441061764956,0.0025806427001953125,0.00024580134777352214,1.7032270704930852e-07,0.0001,0.00015,0.013746445935013632,0.02,0.0,nan
1761488225,4,2600,train,1.9073486328125e-06,0.0028264441061764956,0.0025806427001953125,0.00024580134777352214,1.7032270704930852e-07,0.0001,0.00015,0.013746445935013632,0.02,0.0,nan
1761488227,4,2605,epoch,-2.745703406160029e-08,0.004029134859557974,0.0038008662423337034,0.000228268614277577,3.682206629553892e-07,0.0001,0.00015,0.013729957621487916,0.02,0.0,nan
1761488227,4,2605,epoch,-2.745703406160029e-08,0.004029134859557974,0.0038008662423337034,0.000228268614277577,3.682206629553892e-07,0.0001,0.00015,0.013729957621487916,0.02,0.0,nan
1761488230,4,2600,train,1.9073486328125e-06,0.0028264441061764956,0.0025806427001953125,0.00024580134777352214,1.7032270704930852e-07,0.0001,0.00015,0.013746445935013632,0.02,0.0,nan
1761488230,4,2605,val_end,nan,0.0034925509244203568,0.003329239320009947,8.165583494701423e-06,nan,0.0001,0.00015,0.013729957621487916,0.02,nan,0.0
1761488231,4,2605,val_end,nan,0.0034925509244203568,0.003329239320009947,8.165583494701423e-06,nan,0.0001,0.00015,0.013729957621487916,0.02,nan,0.0
1761488231,4,2600,train,1.9073486328125e-06,0.0028264441061764956,0.0025806427001953125,0.00024580134777352214,1.7032270704930852e-07,0.0001,0.00015,0.013746445935013632,0.02,0.0,nan
1761488232,4,2605,epoch,-2.745703406160029e-08,0.004029134859557974,0.0038008662423337034,0.000228268614277577,3.682206629553892e-07,0.0001,0.00015,0.013729957621487916,0.02,0.0,nan
1761488233,4,2605,epoch,-2.745703406160029e-08,0.004029134859557974,0.0038008662423337034,0.000228268614277577,3.682206629553892e-07,0.0001,0.00015,0.013729957621487916,0.02,0.0,nan
1761488235,4,2605,val_end,nan,0.0034925509244203568,0.003329239320009947,8.165583494701423e-06,nan,0.0001,0.00015,0.013729957621487916,0.02,nan,0.0
1761488236,4,2605,val_end,nan,0.0034925509244203568,0.003329239320009947,8.165583494701423e-06,nan,0.0001,0.00015,0.013729957621487916,0.02,nan,0.0
1761488306,5,2700,train,0.0,0.008072944357991219,0.00789642333984375,0.00017652090173214674,1.8426810299843055e-07,0.0001,0.00015,0.013340117017129565,0.02,0.0,nan
1761488307,5,2700,train,0.0,0.008072944357991219,0.00789642333984375,0.00017652090173214674,1.8426810299843055e-07,0.0001,0.00015,0.013340117017129565,0.02,0.0,nan
1761488313,5,2700,train,0.0,0.008072944357991219,0.00789642333984375,0.00017652090173214674,1.8426810299843055e-07,0.0001,0.00015,0.013340117017129565,0.02,0.0,nan
1761488315,5,2700,train,0.0,0.008072944357991219,0.00789642333984375,0.00017652090173214674,1.8426810299843055e-07,0.0001,0.00015,0.013340117017129565,0.02,0.0,nan
1761488386,5,2800,train,0.0,0.005998751614242792,0.00579833984375,0.0002004119160119444,1.493448138489839e-07,0.0001,0.00015,0.012945798708408727,0.02,0.0,nan
1761488387,5,2800,train,0.0,0.005998751614242792,0.00579833984375,0.0002004119160119444,1.493448138489839e-07,0.0001,0.00015,0.012945798708408727,0.02,0.0,nan
1761488394,5,2800,train,0.0,0.005998751614242792,0.00579833984375,0.0002004119160119444,1.493448138489839e-07,0.0001,0.00015,0.012945798708408727,0.02,0.0,nan
1761488395,5,2800,train,0.0,0.005998751614242792,0.00579833984375,0.0002004119160119444,1.493448138489839e-07,0.0001,0.00015,0.012945798708408727,0.02,0.0,nan
1761488466,5,2900,train,-3.814697265625e-06,0.00545649416744709,0.005222320556640625,0.00023417340707965195,1.9935345108024194e-07,0.0001,0.00015,0.01256313598924477,0.02,0.0,nan
1761488467,5,2900,train,-3.814697265625e-06,0.00545649416744709,0.005222320556640625,0.00023417340707965195,1.9935345108024194e-07,0.0001,0.00015,0.01256313598924477,0.02,0.0,nan
1761488473,5,2900,train,-3.814697265625e-06,0.00545649416744709,0.005222320556640625,0.00023417340707965195,1.9935345108024194e-07,0.0001,0.00015,0.01256313598924477,0.02,0.0,nan
1761488475,5,2900,train,-3.814697265625e-06,0.00545649416744709,0.005222320556640625,0.00023417340707965195,1.9935345108024194e-07,0.0001,0.00015,0.01256313598924477,0.02,0.0,nan
1761488544,5,3000,train,3.814697265625e-06,0.005089958664029837,0.0049285888671875,0.00016136998601723462,2.76871361393205e-07,0.0001,0.00015,0.012191784333997074,0.02,0.0,nan
1761488545,5,3000,train,3.814697265625e-06,0.005089958664029837,0.0049285888671875,0.00016136998601723462,2.76871361393205e-07,0.0001,0.00015,0.012191784333997074,0.02,0.0,nan
1761488545,5,3000,val,nan,0.0051050977781414986,0.0049206106923520565,9.224344466929324e-06,nan,0.0001,0.00015,0.012191784333997074,0.02,nan,0.0
1761488547,5,3000,val,nan,0.0051050977781414986,0.0049206106923520565,9.224344466929324e-06,nan,0.0001,0.00015,0.012191784333997074,0.02,nan,0.0
1761488551,5,3000,train,3.814697265625e-06,0.005089958664029837,0.0049285888671875,0.00016136998601723462,2.76871361393205e-07,0.0001,0.00015,0.012191784333997074,0.02,0.0,nan
1761488552,5,3000,train,3.814697265625e-06,0.005089958664029837,0.0049285888671875,0.00016136998601723462,2.76871361393205e-07,0.0001,0.00015,0.012191784333997074,0.02,0.0,nan
1761488552,5,3000,val,nan,0.0051050977781414986,0.0049206106923520565,9.224344466929324e-06,nan,0.0001,0.00015,0.012191784333997074,0.02,nan,0.0
1761488554,5,3000,val,nan,0.0051050977781414986,0.0049206106923520565,9.224344466929324e-06,nan,0.0001,0.00015,0.012191784333997074,0.02,nan,0.0
1761488626,5,3100,train,0.0,0.002329639857634902,0.00217437744140625,0.00015526250354014337,2.018211944232462e-07,0.0001,0.00015,0.011831409400801362,0.02,0.0,nan
1761488627,5,3100,train,0.0,0.002329639857634902,0.00217437744140625,0.00015526250354014337,2.018211944232462e-07,0.0001,0.00015,0.011831409400801362,0.02,0.0,nan
1761488634,5,3100,train,0.0,0.002329639857634902,0.00217437744140625,0.00015526250354014337,2.018211944232462e-07,0.0001,0.00015,0.011831409400801362,0.02,0.0,nan
1761488636,5,3100,train,0.0,0.002329639857634902,0.00217437744140625,0.00015526250354014337,2.018211944232462e-07,0.0001,0.00015,0.011831409400801362,0.02,0.0,nan
1761488645,5,3126,epoch,-3.111797193648032e-08,0.005460409859808487,0.0052813376208870975,0.00017907223337713805,2.7053276195730243e-07,0.0001,0.00015,0.011742992544829441,0.02,0.0,nan
1761488645,5,3126,epoch,-3.111797193648032e-08,0.005460409859808487,0.0052813376208870975,0.00017907223337713805,2.7053276195730243e-07,0.0001,0.00015,0.011742992544829441,0.02,0.0,nan
1761488649,5,3126,val_end,nan,0.0011791052529588342,0.0009936755523085594,9.271484486816917e-06,nan,0.0001,0.00015,0.011742992544829441,0.02,nan,0.0
1761488649,5,3126,val_end,nan,0.0011791052529588342,0.0009936755523085594,9.271484486816917e-06,nan,0.0001,0.00015,0.011742992544829441,0.02,nan,0.0
1761488651,5,3126,epoch,-3.111797193648032e-08,0.005460409859808487,0.0052813376208870975,0.00017907223337713805,2.7053276195730243e-07,0.0001,0.00015,0.011742992544829441,0.02,0.0,nan
1761488652,5,3126,epoch,-3.111797193648032e-08,0.005460409859808487,0.0052813376208870975,0.00017907223337713805,2.7053276195730243e-07,0.0001,0.00015,0.011742992544829441,0.02,0.0,nan
1761488655,5,3126,val_end,nan,0.0011791052529588342,0.0009936755523085594,9.271484486816917e-06,nan,0.0001,0.00015,0.011742992544829441,0.02,nan,0.0
1761488656,5,3126,val_end,nan,0.0011791052529588342,0.0009936755523085594,9.271484486816917e-06,nan,0.0001,0.00015,0.011742992544829441,0.02,nan,0.0
1761488707,6,3200,train,-8.58306884765625e-06,0.0007382908370345831,0.0005693435668945312,0.00016894724103622139,3.5375191487219126e-07,0.0001,0.00015,0.011481686730549117,0.02,0.0,nan
1761488707,6,3200,train,-8.58306884765625e-06,0.0007382908370345831,0.0005693435668945312,0.00016894724103622139,3.5375191487219126e-07,0.0001,0.00015,0.011481686730549117,0.02,0.0,nan
1761488715,6,3200,train,-8.58306884765625e-06,0.0007382908370345831,0.0005693435668945312,0.00016894724103622139,3.5375191487219126e-07,0.0001,0.00015,0.011481686730549117,0.02,0.0,nan
1761488716,6,3200,train,-8.58306884765625e-06,0.0007382908370345831,0.0005693435668945312,0.00016894724103622139,3.5375191487219126e-07,0.0001,0.00015,0.011481686730549117,0.02,0.0,nan
1761488786,6,3300,train,9.5367431640625e-07,-0.0016792385140433908,-0.0018367767333984375,0.00015753817569930106,2.8824260311921535e-07,0.0001,0.00015,0.01114230145476487,0.02,0.0,nan
1761488786,6,3300,train,9.5367431640625e-07,-0.0016792385140433908,-0.0018367767333984375,0.00015753817569930106,2.8824260311921535e-07,0.0001,0.00015,0.01114230145476487,0.02,0.0,nan
1761488792,6,3300,train,9.5367431640625e-07,-0.0016792385140433908,-0.0018367767333984375,0.00015753817569930106,2.8824260311921535e-07,0.0001,0.00015,0.01114230145476487,0.02,0.0,nan
1761488794,6,3300,train,9.5367431640625e-07,-0.0016792385140433908,-0.0018367767333984375,0.00015753817569930106,2.8824260311921535e-07,0.0001,0.00015,0.01114230145476487,0.02,0.0,nan
1761488867,6,3400,train,1.9073486328125e-06,-0.002434933092445135,-0.0025882720947265625,0.00015333890041802078,3.390542531178653e-07,0.0001,0.00015,0.010812948012118226,0.02,0.0,nan
1761488867,6,3400,train,1.9073486328125e-06,-0.002434933092445135,-0.0025882720947265625,0.00015333890041802078,3.390542531178653e-07,0.0001,0.00015,0.010812948012118226,0.02,0.0,nan
1761488873,6,3400,train,1.9073486328125e-06,-0.002434933092445135,-0.0025882720947265625,0.00015333890041802078,3.390542531178653e-07,0.0001,0.00015,0.010812948012118226,0.02,0.0,nan
1761488875,6,3400,train,1.9073486328125e-06,-0.002434933092445135,-0.0025882720947265625,0.00015333890041802078,3.390542531178653e-07,0.0001,0.00015,0.010812948012118226,0.02,0.0,nan
1761488945,6,3500,train,-1.1920928955078125e-06,-0.0002892590709961951,-0.0004181861877441406,0.00012892711674794555,1.243032556885737e-07,0.0001,0.00015,0.010493329873315554,0.02,0.0,nan
1761488946,6,3500,train,-1.1920928955078125e-06,-0.0002892590709961951,-0.0004181861877441406,0.00012892711674794555,1.243032556885737e-07,0.0001,0.00015,0.010493329873315554,0.02,0.0,nan
1761488953,6,3500,train,-1.1920928955078125e-06,-0.0002892590709961951,-0.0004181861877441406,0.00012892711674794555,1.243032556885737e-07,0.0001,0.00015,0.010493329873315554,0.02,0.0,nan
1761488954,6,3500,train,-1.1920928955078125e-06,-0.0002892590709961951,-0.0004181861877441406,0.00012892711674794555,1.243032556885737e-07,0.0001,0.00015,0.010493329873315554,0.02,0.0,nan
1761489026,6,3600,train,0.0,0.0013520097127184272,0.0012454986572265625,0.00010651102638803422,6.716398814887725e-08,0.0001,0.00015,0.010183159274123464,0.02,0.0,nan
1761489027,6,3600,train,0.0,0.0013520097127184272,0.0012454986572265625,0.00010651102638803422,6.716398814887725e-08,0.0001,0.00015,0.010183159274123464,0.02,0.0,nan
1761489034,6,3600,train,0.0,0.0013520097127184272,0.0012454986572265625,0.00010651102638803422,6.716398814887725e-08,0.0001,0.00015,0.010183159274123464,0.02,0.0,nan
1761489035,6,3600,train,0.0,0.0013520097127184272,0.0012454986572265625,0.00010651102638803422,6.716398814887725e-08,0.0001,0.00015,0.010183159274123464,0.02,0.0,nan
1761489062,6,3647,epoch,2.3796096186720248e-08,-0.0002953643104812933,-0.0004381657561962984,0.00014280144560328218,2.3914112265864456e-07,0.0001,0.00015,0.010043576077183534,0.02,0.0,nan
1761489062,6,3647,epoch,2.3796096186720248e-08,-0.0002953643104812933,-0.0004381657561962984,0.00014280144560328218,2.3914112265864456e-07,0.0001,0.00015,0.010043576077183534,0.02,0.0,nan
1761489065,6,3647,val_end,nan,0.0021953312680125237,0.002033773809671402,8.07787091616774e-06,nan,0.0001,0.00015,0.010043576077183534,0.02,nan,0.0
1761489066,6,3647,val_end,nan,0.0021953312680125237,0.002033773809671402,8.07787091616774e-06,nan,0.0001,0.00015,0.010043576077183534,0.02,nan,0.0
1761489067,6,3647,epoch,2.3796096186720248e-08,-0.0002953643104812933,-0.0004381657561962984,0.00014280144560328218,2.3914112265864456e-07,0.0001,0.00015,0.010043576077183534,0.02,0.0,nan
1761489068,6,3647,epoch,2.3796096186720248e-08,-0.0002953643104812933,-0.0004381657561962984,0.00014280144560328218,2.3914112265864456e-07,0.0001,0.00015,0.010043576077183534,0.02,0.0,nan
1761489070,6,3647,val_end,nan,0.0021953312680125237,0.002033773809671402,8.07787091616774e-06,nan,0.0001,0.00015,0.010043576077183534,0.02,nan,0.0
1761489071,6,3647,val_end,nan,0.0021953312680125237,0.002033773809671402,8.07787091616774e-06,nan,0.0001,0.00015,0.010043576077183534,0.02,nan,0.0
1761489107,7,3700,train,9.5367431640625e-07,0.0012771609472110868,0.0011606216430664062,0.00011653934780042619,3.180495582455478e-07,0.0001,0.00015,0.01,0.02,0.0,nan
1761489109,7,3700,train,9.5367431640625e-07,0.0012771609472110868,0.0011606216430664062,0.00011653934780042619,3.180495582455478e-07,0.0001,0.00015,0.01,0.02,0.0,nan
1761489115,7,3700,train,9.5367431640625e-07,0.0012771609472110868,0.0011606216430664062,0.00011653934780042619,3.180495582455478e-07,0.0001,0.00015,0.01,0.02,0.0,nan
1761489116,7,3700,train,9.5367431640625e-07,0.0012771609472110868,0.0011606216430664062,0.00011653934780042619,3.180495582455478e-07,0.0001,0.00015,0.01,0.02,0.0,nan
1761489188,7,3800,train,-2.86102294921875e-06,0.0013101533986628056,0.0011930465698242188,0.00011710682883858681,1.898959425261637e-07,0.0001,0.00015,0.01,0.02,0.0,nan
1761489189,7,3800,train,-2.86102294921875e-06,0.0013101533986628056,0.0011930465698242188,0.00011710682883858681,1.898959425261637e-07,0.0001,0.00015,0.01,0.02,0.0,nan
1761489196,7,3800,train,-2.86102294921875e-06,0.0013101533986628056,0.0011930465698242188,0.00011710682883858681,1.898959425261637e-07,0.0001,0.00015,0.01,0.02,0.0,nan
1761489196,7,3800,train,-2.86102294921875e-06,0.0013101533986628056,0.0011930465698242188,0.00011710682883858681,1.898959425261637e-07,0.0001,0.00015,0.01,0.02,0.0,nan
1761489265,7,3900,train,-2.384185791015625e-07,0.000498120381962508,0.00035381317138671875,0.00014430722512770444,1.9124627215205692e-07,0.0001,0.00015,0.01,0.02,0.0,nan
1761489267,7,3900,train,-2.384185791015625e-07,0.000498120381962508,0.00035381317138671875,0.00014430722512770444,1.9124627215205692e-07,0.0001,0.00015,0.01,0.02,0.0,nan
1761489274,7,3900,train,-2.384185791015625e-07,0.000498120381962508,0.00035381317138671875,0.00014430722512770444,1.9124627215205692e-07,0.0001,0.00015,0.01,0.02,0.0,nan
1761489274,7,3900,train,-2.384185791015625e-07,0.000498120381962508,0.00035381317138671875,0.00014430722512770444,1.9124627215205692e-07,0.0001,0.00015,0.01,0.02,0.0,nan
1761489345,7,4000,train,0.0,0.001369013567455113,0.0012292861938476562,0.00013972734450362623,1.0907005787430535e-07,0.0001,0.00015,0.01,0.02,0.0,nan
1761489346,7,4000,train,0.0,0.001369013567455113,0.0012292861938476562,0.00013972734450362623,1.0907005787430535e-07,0.0001,0.00015,0.01,0.02,0.0,nan
1761489352,7,4000,train,0.0,0.001369013567455113,0.0012292861938476562,0.00013972734450362623,1.0907005787430535e-07,0.0001,0.00015,0.01,0.02,0.0,nan
1761489354,7,4000,train,0.0,0.001369013567455113,0.0012292861938476562,0.00013972734450362623,1.0907005787430535e-07,0.0001,0.00015,0.01,0.02,0.0,nan
1761489423,7,4100,train,-2.384185791015625e-07,0.0005746384849771857,0.0004639625549316406,0.00011067594459746033,9.261223965495446e-08,0.0001,0.00015,0.01,0.02,0.0,nan
1761489424,7,4100,train,-2.384185791015625e-07,0.0005746384849771857,0.0004639625549316406,0.00011067594459746033,9.261223965495446e-08,0.0001,0.00015,0.01,0.02,0.0,nan
1761489431,7,4100,train,-2.384185791015625e-07,0.0005746384849771857,0.0004639625549316406,0.00011067594459746033,9.261223965495446e-08,0.0001,0.00015,0.01,0.02,0.0,nan
1761489432,7,4100,train,-2.384185791015625e-07,0.0005746384849771857,0.0004639625549316406,0.00011067594459746033,9.261223965495446e-08,0.0001,0.00015,0.01,0.02,0.0,nan
1761489475,7,4168,epoch,-2.0363966929020213e-08,0.0014312695306855398,0.0013073953923245537,0.00012387413827719384,1.7411532301765492e-07,0.0001,0.00015,0.01,0.02,0.0,nan
1761489476,7,4168,epoch,-2.0363966929020213e-08,0.0014312695306855398,0.0013073953923245537,0.00012387413827719384,1.7411532301765492e-07,0.0001,0.00015,0.01,0.02,0.0,nan
1761489479,7,4168,val_end,nan,0.000325583852827549,0.00017367975669912994,7.595205715915654e-06,nan,0.0001,0.00015,0.01,0.02,nan,0.0
1761489480,7,4168,val_end,nan,0.000325583852827549,0.00017367975669912994,7.595205715915654e-06,nan,0.0001,0.00015,0.01,0.02,nan,0.0
1761489482,7,4168,epoch,-2.0363966929020213e-08,0.0014312695306855398,0.0013073953923245537,0.00012387413827719384,1.7411532301765492e-07,0.0001,0.00015,0.01,0.02,0.0,nan
1761489483,7,4168,epoch,-2.0363966929020213e-08,0.0014312695306855398,0.0013073953923245537,0.00012387413827719384,1.7411532301765492e-07,0.0001,0.00015,0.01,0.02,0.0,nan
1761489485,7,4168,val_end,nan,0.000325583852827549,0.00017367975669912994,7.595205715915654e-06,nan,0.0001,0.00015,0.01,0.02,nan,0.0
1761489486,7,4168,val_end,nan,0.000325583852827549,0.00017367975669912994,7.595205715915654e-06,nan,0.0001,0.00015,0.01,0.02,nan,0.0
1761489503,8,4200,train,-4.76837158203125e-07,0.0005671103717759252,0.0004634857177734375,0.00010362463945057243,1.3334778259377345e-07,0.0001,0.00015,0.01,0.02,0.0,nan
1761489505,8,4200,train,-4.76837158203125e-07,0.0005671103717759252,0.0004634857177734375,0.00010362463945057243,1.3334778259377345e-07,0.0001,0.00015,0.01,0.02,0.0,nan
1761489512,8,4200,train,-4.76837158203125e-07,0.0005671103717759252,0.0004634857177734375,0.00010362463945057243,1.3334778259377345e-07,0.0001,0.00015,0.01,0.02,0.0,nan
1761489514,8,4200,train,-4.76837158203125e-07,0.0005671103717759252,0.0004634857177734375,0.00010362463945057243,1.3334778259377345e-07,0.0001,0.00015,0.01,0.02,0.0,nan
1761489583,8,4300,train,1.9073486328125e-06,0.0020527697633951902,0.0019330978393554688,0.0001196719313156791,1.2589697462317417e-07,0.0001,0.00015,0.01,0.02,0.0,nan
1761489585,8,4300,train,1.9073486328125e-06,0.0020527697633951902,0.0019330978393554688,0.0001196719313156791,1.2589697462317417e-07,0.0001,0.00015,0.01,0.02,0.0,nan
1761489591,8,4300,train,1.9073486328125e-06,0.0020527697633951902,0.0019330978393554688,0.0001196719313156791,1.2589697462317417e-07,0.0001,0.00015,0.01,0.02,0.0,nan
1761489593,8,4300,train,1.9073486328125e-06,0.0020527697633951902,0.0019330978393554688,0.0001196719313156791,1.2589697462317417e-07,0.0001,0.00015,0.01,0.02,0.0,nan
1761489665,8,4400,train,-1.6689300537109375e-06,0.00036813359474763274,0.0002765655517578125,9.156803571386263e-05,2.367239630984841e-07,0.0001,0.00015,0.01,0.02,0.0,nan
1761489666,8,4400,train,-1.6689300537109375e-06,0.00036813359474763274,0.0002765655517578125,9.156803571386263e-05,2.367239630984841e-07,0.0001,0.00015,0.01,0.02,0.0,nan
1761489673,8,4400,train,-1.6689300537109375e-06,0.00036813359474763274,0.0002765655517578125,9.156803571386263e-05,2.367239630984841e-07,0.0001,0.00015,0.01,0.02,0.0,nan
1761489675,8,4400,train,-1.6689300537109375e-06,0.00036813359474763274,0.0002765655517578125,9.156803571386263e-05,2.367239630984841e-07,0.0001,0.00015,0.01,0.02,0.0,nan
1761489744,8,4500,train,9.5367431640625e-07,0.001125409733504057,0.001007080078125,0.00011832969903480262,2.05179091494756e-07,0.0001,0.00015,0.01,0.02,0.0,nan
1761489744,8,4500,train,9.5367431640625e-07,0.001125409733504057,0.001007080078125,0.00011832969903480262,2.05179091494756e-07,0.0001,0.00015,0.01,0.02,0.0,nan
1761489746,8,4500,val,nan,0.0011419234797358513,0.000998916570097208,7.150342298700707e-06,nan,0.0001,0.00015,0.01,0.02,nan,0.0
1761489746,8,4500,val,nan,0.0011419234797358513,0.000998916570097208,7.150342298700707e-06,nan,0.0001,0.00015,0.01,0.02,nan,0.0
1761489751,8,4500,train,9.5367431640625e-07,0.001125409733504057,0.001007080078125,0.00011832969903480262,2.05179091494756e-07,0.0001,0.00015,0.01,0.02,0.0,nan
1761489752,8,4500,train,9.5367431640625e-07,0.001125409733504057,0.001007080078125,0.00011832969903480262,2.05179091494756e-07,0.0001,0.00015,0.01,0.02,0.0,nan
1761489753,8,4500,val,nan,0.0011419234797358513,0.000998916570097208,7.150342298700707e-06,nan,0.0001,0.00015,0.01,0.02,nan,0.0
1761489754,8,4500,val,nan,0.0011419234797358513,0.000998916570097208,7.150342298700707e-06,nan,0.0001,0.00015,0.01,0.02,nan,0.0
1761489825,8,4600,train,0.0,0.0009958567097783089,0.0008749961853027344,0.00012086055357940495,1.2291296513922134e-07,0.0001,0.00015,0.01,0.02,0.0,nan
1761489825,8,4600,train,0.0,0.0009958567097783089,0.0008749961853027344,0.00012086055357940495,1.2291296513922134e-07,0.0001,0.00015,0.01,0.02,0.0,nan
1761489833,8,4600,train,0.0,0.0009958567097783089,0.0008749961853027344,0.00012086055357940495,1.2291296513922134e-07,0.0001,0.00015,0.01,0.02,0.0,nan
1761489834,8,4600,train,0.0,0.0009958567097783089,0.0008749961853027344,0.00012086055357940495,1.2291296513922134e-07,0.0001,0.00015,0.01,0.02,0.0,nan
1761489893,8,4689,epoch,8.969297793456094e-08,0.0009616902455852426,0.0008447613002242602,0.00011692894512357104,1.6594428221995586e-07,0.0001,0.00015,0.01,0.02,0.0,nan
1761489893,8,4689,epoch,8.969297793456094e-08,0.0009616902455852426,0.0008447613002242602,0.00011692894512357104,1.6594428221995586e-07,0.0001,0.00015,0.01,0.02,0.0,nan
1761489897,8,4689,val_end,nan,-0.0001878574985312298,-0.0003622747026383877,8.720860023458954e-06,nan,0.0001,0.00015,0.01,0.02,nan,0.0
1761489897,8,4689,val_end,nan,-0.0001878574985312298,-0.0003622747026383877,8.720860023458954e-06,nan,0.0001,0.00015,0.01,0.02,nan,0.0
1761489897,8,4689,epoch,8.969297793456094e-08,0.0009616902455852426,0.0008447613002242602,0.00011692894512357104,1.6594428221995586e-07,0.0001,0.00015,0.01,0.02,0.0,nan
1761489897,8,4689,epoch,8.969297793456094e-08,0.0009616902455852426,0.0008447613002242602,0.00011692894512357104,1.6594428221995586e-07,0.0001,0.00015,0.01,0.02,0.0,nan
1761489901,8,4689,val_end,nan,-0.0001878574985312298,-0.0003622747026383877,8.720860023458954e-06,nan,0.0001,0.00015,0.01,0.02,nan,0.0
1761489901,8,4689,val_end,nan,-0.0001878574985312298,-0.0003622747026383877,8.720860023458954e-06,nan,0.0001,0.00015,0.01,0.02,nan,0.0
1761489905,9,4700,train,1.9073486328125e-06,-0.001062645809724927,-0.0011959075927734375,0.00013326172484084964,1.49301797591761e-07,0.0001,0.00015,0.01,0.02,0.0,nan
1761489905,9,4700,train,1.9073486328125e-06,-0.001062645809724927,-0.0011959075927734375,0.00013326172484084964,1.49301797591761e-07,0.0001,0.00015,0.01,0.02,0.0,nan
1761489910,9,4700,train,1.9073486328125e-06,-0.001062645809724927,-0.0011959075927734375,0.00013326172484084964,1.49301797591761e-07,0.0001,0.00015,0.01,0.02,0.0,nan
1761489911,9,4700,train,1.9073486328125e-06,-0.001062645809724927,-0.0011959075927734375,0.00013326172484084964,1.49301797591761e-07,0.0001,0.00015,0.01,0.02,0.0,nan
1761489982,9,4800,train,1.9073486328125e-06,-0.002584116067737341,-0.0026874542236328125,0.00010333805403206497,1.6837262251101492e-07,0.0001,0.00015,0.01,0.02,0.0,nan
1761489983,9,4800,train,1.9073486328125e-06,-0.002584116067737341,-0.0026874542236328125,0.00010333805403206497,1.6837262251101492e-07,0.0001,0.00015,0.01,0.02,0.0,nan
1761489988,9,4800,train,1.9073486328125e-06,-0.002584116067737341,-0.0026874542236328125,0.00010333805403206497,1.6837262251101492e-07,0.0001,0.00015,0.01,0.02,0.0,nan
1761489989,9,4800,train,1.9073486328125e-06,-0.002584116067737341,-0.0026874542236328125,0.00010333805403206497,1.6837262251101492e-07,0.0001,0.00015,0.01,0.02,0.0,nan
1761490062,9,4900,train,3.814697265625e-06,-0.0019186437129974365,-0.0020084381103515625,8.979434642242268e-05,1.700672953575122e-07,0.0001,0.00015,0.01,0.02,0.0,nan
1761490063,9,4900,train,3.814697265625e-06,-0.0019186437129974365,-0.0020084381103515625,8.979434642242268e-05,1.700672953575122e-07,0.0001,0.00015,0.01,0.02,0.0,nan
1761490068,9,4900,train,3.814697265625e-06,-0.0019186437129974365,-0.0020084381103515625,8.979434642242268e-05,1.700672953575122e-07,0.0001,0.00015,0.01,0.02,0.0,nan
1761490070,9,4900,train,3.814697265625e-06,-0.0019186437129974365,-0.0020084381103515625,8.979434642242268e-05,1.700672953575122e-07,0.0001,0.00015,0.01,0.02,0.0,nan
1761490140,9,5000,train,8.58306884765625e-06,-0.0006866537150926888,-0.00081634521484375,0.0001296914997510612,2.23442313540545e-07,0.0001,0.00015,0.01,0.02,0.0,nan
1761490140,9,5000,train,8.58306884765625e-06,-0.0006866537150926888,-0.00081634521484375,0.0001296914997510612,2.23442313540545e-07,0.0001,0.00015,0.01,0.02,0.0,nan
1761490145,9,5000,train,8.58306884765625e-06,-0.0006866537150926888,-0.00081634521484375,0.0001296914997510612,2.23442313540545e-07,0.0001,0.00015,0.01,0.02,0.0,nan
1761490147,9,5000,train,8.58306884765625e-06,-0.0006866537150926888,-0.00081634521484375,0.0001296914997510612,2.23442313540545e-07,0.0001,0.00015,0.01,0.02,0.0,nan
1761490218,9,5100,train,1.9073486328125e-06,-0.0011739609763026237,-0.0012865066528320312,0.00011254570563323796,1.343862976455057e-07,0.0001,0.00015,0.01,0.02,0.0,nan
1761490219,9,5100,train,1.9073486328125e-06,-0.0011739609763026237,-0.0012865066528320312,0.00011254570563323796,1.343862976455057e-07,0.0001,0.00015,0.01,0.02,0.0,nan
1761490224,9,5100,train,1.9073486328125e-06,-0.0011739609763026237,-0.0012865066528320312,0.00011254570563323796,1.343862976455057e-07,0.0001,0.00015,0.01,0.02,0.0,nan
1761490226,9,5100,train,1.9073486328125e-06,-0.0011739609763026237,-0.0012865066528320312,0.00011254570563323796,1.343862976455057e-07,0.0001,0.00015,0.01,0.02,0.0,nan
1761490297,9,5200,train,0.0,-0.001160403829999268,-0.001255035400390625,9.463161404710263e-05,4.71300324988988e-07,0.0001,0.00015,0.01,0.02,0.0,nan
1761490297,9,5200,train,0.0,-0.001160403829999268,-0.001255035400390625,9.463161404710263e-05,4.71300324988988e-07,0.0001,0.00015,0.01,0.02,0.0,nan
1761490303,9,5200,train,0.0,-0.001160403829999268,-0.001255035400390625,9.463161404710263e-05,4.71300324988988e-07,0.0001,0.00015,0.01,0.02,0.0,nan
1761490304,9,5210,epoch,1.1943809816796126e-07,-0.0015133899749853717,-0.0016209088451802846,0.00010751886906371776,1.8190475595594505e-07,0.0001,0.00015,0.01,0.02,0.0,nan
1761490304,9,5210,epoch,1.1943809816796126e-07,-0.0015133899749853717,-0.0016209088451802846,0.00010751886906371776,1.8190475595594505e-07,0.0001,0.00015,0.01,0.02,0.0,nan
1761490304,9,5200,train,0.0,-0.001160403829999268,-0.001255035400390625,9.463161404710263e-05,4.71300324988988e-07,0.0001,0.00015,0.01,0.02,0.0,nan
1761490307,9,5210,val_end,nan,-0.0014879703521728516,-0.001586071914061904,4.905080004391493e-06,nan,0.0001,0.00015,0.01,0.02,nan,0.0
1761490308,9,5210,val_end,nan,-0.0014879703521728516,-0.001586071914061904,4.905080004391493e-06,nan,0.0001,0.00015,0.01,0.02,nan,0.0
1761490308,9,5210,epoch,1.1943809816796126e-07,-0.0015133899749853717,-0.0016209088451802846,0.00010751886906371776,1.8190475595594505e-07,0.0001,0.00015,0.01,0.02,0.0,nan
1761490309,9,5210,epoch,1.1943809816796126e-07,-0.0015133899749853717,-0.0016209088451802846,0.00010751886906371776,1.8190475595594505e-07,0.0001,0.00015,0.01,0.02,0.0,nan
1761490312,9,5210,val_end,nan,-0.0014879703521728516,-0.001586071914061904,4.905080004391493e-06,nan,0.0001,0.00015,0.01,0.02,nan,0.0
1761490313,9,5210,val_end,nan,-0.0014879703521728516,-0.001586071914061904,4.905080004391493e-06,nan,0.0001,0.00015,0.01,0.02,nan,0.0
1761490381,10,5300,train,1.9073486328125e-06,-0.0019849403761327267,-0.0020599365234375,7.499611820094287e-05,1.0700860997303607e-07,0.0001,0.00015,0.01,0.02,0.0,nan
1761490381,10,5300,train,1.9073486328125e-06,-0.0019849403761327267,-0.0020599365234375,7.499611820094287e-05,1.0700860997303607e-07,0.0001,0.00015,0.01,0.02,0.0,nan
1761490387,10,5300,train,1.9073486328125e-06,-0.0019849403761327267,-0.0020599365234375,7.499611820094287e-05,1.0700860997303607e-07,0.0001,0.00015,0.01,0.02,0.0,nan
1761490388,10,5300,train,1.9073486328125e-06,-0.0019849403761327267,-0.0020599365234375,7.499611820094287e-05,1.0700860997303607e-07,0.0001,0.00015,0.01,0.02,0.0,nan
1761490461,10,5400,train,-9.5367431640625e-07,-0.0014751856215298176,-0.0015697479248046875,9.456225961912423e-05,1.0942348183107242e-07,0.0001,0.00015,0.01,0.02,0.0,nan
1761490461,10,5400,train,-9.5367431640625e-07,-0.0014751856215298176,-0.0015697479248046875,9.456225961912423e-05,1.0942348183107242e-07,0.0001,0.00015,0.01,0.02,0.0,nan
1761490467,10,5400,train,-9.5367431640625e-07,-0.0014751856215298176,-0.0015697479248046875,9.456225961912423e-05,1.0942348183107242e-07,0.0001,0.00015,0.01,0.02,0.0,nan
1761490468,10,5400,train,-9.5367431640625e-07,-0.0014751856215298176,-0.0015697479248046875,9.456225961912423e-05,1.0942348183107242e-07,0.0001,0.00015,0.01,0.02,0.0,nan
1761490539,10,5500,train,9.5367431640625e-07,-0.0010696470271795988,-0.001148223876953125,7.85768061177805e-05,8.721933397737303e-08,0.0001,0.00015,0.01,0.02,0.0,nan
1761490540,10,5500,train,9.5367431640625e-07,-0.0010696470271795988,-0.001148223876953125,7.85768061177805e-05,8.721933397737303e-08,0.0001,0.00015,0.01,0.02,0.0,nan
1761490546,10,5500,train,9.5367431640625e-07,-0.0010696470271795988,-0.001148223876953125,7.85768061177805e-05,8.721933397737303e-08,0.0001,0.00015,0.01,0.02,0.0,nan
1761490546,10,5500,train,9.5367431640625e-07,-0.0010696470271795988,-0.001148223876953125,7.85768061177805e-05,8.721933397737303e-08,0.0001,0.00015,0.01,0.02,0.0,nan
1761490618,10,5600,train,2.384185791015625e-07,-0.0001774747797753662,-0.0002720355987548828,9.456081170355901e-05,6.65557990942034e-08,0.0001,0.00015,0.01,0.02,0.0,nan
1761490619,10,5600,train,2.384185791015625e-07,-0.0001774747797753662,-0.0002720355987548828,9.456081170355901e-05,6.65557990942034e-08,0.0001,0.00015,0.01,0.02,0.0,nan
1761490625,10,5600,train,2.384185791015625e-07,-0.0001774747797753662,-0.0002720355987548828,9.456081170355901e-05,6.65557990942034e-08,0.0001,0.00015,0.01,0.02,0.0,nan
1761490626,10,5600,train,2.384185791015625e-07,-0.0001774747797753662,-0.0002720355987548828,9.456081170355901e-05,6.65557990942034e-08,0.0001,0.00015,0.01,0.02,0.0,nan
1761490697,10,5700,train,1.9073486328125e-06,-0.0012144009815528989,-0.00133514404296875,0.00012074302503606305,9.360424257920386e-08,0.0001,0.00015,0.01,0.02,0.0,nan
1761490698,10,5700,train,1.9073486328125e-06,-0.0012144009815528989,-0.00133514404296875,0.00012074302503606305,9.360424257920386e-08,0.0001,0.00015,0.01,0.02,0.0,nan
1761490704,10,5700,train,1.9073486328125e-06,-0.0012144009815528989,-0.00133514404296875,0.00012074302503606305,9.360424257920386e-08,0.0001,0.00015,0.01,0.02,0.0,nan
1761490704,10,5700,train,1.9073486328125e-06,-0.0012144009815528989,-0.00133514404296875,0.00012074302503606305,9.360424257920386e-08,0.0001,0.00015,0.01,0.02,0.0,nan
1761490719,10,5731,epoch,-8.008301601300084e-10,-0.001301356843093856,-0.0014027469217662847,0.00010139007692675745,1.1797594371499872e-07,0.0001,0.00015,0.01,0.02,0.0,nan
1761490720,10,5731,epoch,-8.008301601300084e-10,-0.001301356843093856,-0.0014027469217662847,0.00010139007692675745,1.1797594371499872e-07,0.0001,0.00015,0.01,0.02,0.0,nan
1761490723,10,5731,val_end,nan,-0.0016080571804195642,-0.0017053638584911823,4.865333721681964e-06,nan,0.0001,0.00015,0.01,0.02,nan,0.0
1761490724,10,5731,val_end,nan,-0.0016080571804195642,-0.0017053638584911823,4.865333721681964e-06,nan,0.0001,0.00015,0.01,0.02,nan,0.0
1761490725,10,5731,epoch,-8.008301601300084e-10,-0.001301356843093856,-0.0014027469217662847,0.00010139007692675745,1.1797594371499872e-07,0.0001,0.00015,0.01,0.02,0.0,nan
1761490725,10,5731,epoch,-8.008301601300084e-10,-0.001301356843093856,-0.0014027469217662847,0.00010139007692675745,1.1797594371499872e-07,0.0001,0.00015,0.01,0.02,0.0,nan
1761490729,10,5731,val_end,nan,-0.0016080571804195642,-0.0017053638584911823,4.865333721681964e-06,nan,0.0001,0.00015,0.01,0.02,nan,0.0
1761490729,10,5731,val_end,nan,-0.0016080571804195642,-0.0017053638584911823,4.865333721681964e-06,nan,0.0001,0.00015,0.01,0.02,nan,0.0
1761490775,11,5800,train,-1.430511474609375e-06,-0.0008752414723858237,-0.0009660720825195312,9.08305955817923e-05,1.0406414219232829e-07,0.0001,0.00015,0.01,0.02,0.0,nan
1761490776,11,5800,train,-1.430511474609375e-06,-0.0008752414723858237,-0.0009660720825195312,9.08305955817923e-05,1.0406414219232829e-07,0.0001,0.00015,0.01,0.02,0.0,nan
1761490785,11,5800,train,-1.430511474609375e-06,-0.0008752414723858237,-0.0009660720825195312,9.08305955817923e-05,1.0406414219232829e-07,0.0001,0.00015,0.01,0.02,0.0,nan
1761490785,11,5800,train,-1.430511474609375e-06,-0.0008752414723858237,-0.0009660720825195312,9.08305955817923e-05,1.0406414219232829e-07,0.0001,0.00015,0.01,0.02,0.0,nan
1761490855,11,5900,train,1.9073486328125e-06,-0.0003654861357063055,-0.00046133995056152344,9.585381485521793e-05,8.321693911739203e-08,0.0001,0.00015,0.01,0.02,0.0,nan
1761490856,11,5900,train,1.9073486328125e-06,-0.0003654861357063055,-0.00046133995056152344,9.585381485521793e-05,8.321693911739203e-08,0.0001,0.00015,0.01,0.02,0.0,nan
1761490866,11,5900,train,1.9073486328125e-06,-0.0003654861357063055,-0.00046133995056152344,9.585381485521793e-05,8.321693911739203e-08,0.0001,0.00015,0.01,0.02,0.0,nan
1761490866,11,5900,train,1.9073486328125e-06,-0.0003654861357063055,-0.00046133995056152344,9.585381485521793e-05,8.321693911739203e-08,0.0001,0.00015,0.01,0.02,0.0,nan
1761490935,11,6000,train,3.0994415283203125e-06,-0.00015616115706507117,-0.00024211406707763672,8.595291001256555e-05,8.2514127086597e-08,0.0001,0.00015,0.01,0.02,0.0,nan
1761490935,11,6000,train,3.0994415283203125e-06,-0.00015616115706507117,-0.00024211406707763672,8.595291001256555e-05,8.2514127086597e-08,0.0001,0.00015,0.01,0.02,0.0,nan
1761490937,11,6000,val,nan,-0.00012408501061145216,-0.00022571702720597386,5.081600647827145e-06,nan,0.0001,0.00015,0.01,0.02,nan,0.0
1761490937,11,6000,val,nan,-0.00012408501061145216,-0.00022571702720597386,5.081600647827145e-06,nan,0.0001,0.00015,0.01,0.02,nan,0.0
1761490945,11,6000,train,3.0994415283203125e-06,-0.00015616115706507117,-0.00024211406707763672,8.595291001256555e-05,8.2514127086597e-08,0.0001,0.00015,0.01,0.02,0.0,nan
1761490945,11,6000,train,3.0994415283203125e-06,-0.00015616115706507117,-0.00024211406707763672,8.595291001256555e-05,8.2514127086597e-08,0.0001,0.00015,0.01,0.02,0.0,nan
1761490947,11,6000,val,nan,-0.00012408501061145216,-0.00022571702720597386,5.081600647827145e-06,nan,0.0001,0.00015,0.01,0.02,nan,0.0
1761490947,11,6000,val,nan,-0.00012408501061145216,-0.00022571702720597386,5.081600647827145e-06,nan,0.0001,0.00015,0.01,0.02,nan,0.0
1761491017,11,6100,train,0.0,0.0016716805985197425,0.0015668869018554688,0.00010479371849214658,1.0054201737830226e-07,0.0001,0.00015,0.01,0.02,0.0,nan
1761491017,11,6100,train,0.0,0.0016716805985197425,0.0015668869018554688,0.00010479371849214658,1.0054201737830226e-07,0.0001,0.00015,0.01,0.02,0.0,nan
1761491028,11,6100,train,0.0,0.0016716805985197425,0.0015668869018554688,0.00010479371849214658,1.0054201737830226e-07,0.0001,0.00015,0.01,0.02,0.0,nan
1761491028,11,6100,train,0.0,0.0016716805985197425,0.0015668869018554688,0.00010479371849214658,1.0054201737830226e-07,0.0001,0.00015,0.01,0.02,0.0,nan
1761491096,11,6200,train,0.0,0.003992896527051926,0.00391387939453125,7.901726348791271e-05,8.567045028939901e-08,0.0001,0.00015,0.01,0.02,0.0,nan
1761491096,11,6200,train,0.0,0.003992896527051926,0.00391387939453125,7.901726348791271e-05,8.567045028939901e-08,0.0001,0.00015,0.01,0.02,0.0,nan
1761491107,11,6200,train,0.0,0.003992896527051926,0.00391387939453125,7.901726348791271e-05,8.567045028939901e-08,0.0001,0.00015,0.01,0.02,0.0,nan
1761491107,11,6200,train,0.0,0.003992896527051926,0.00391387939453125,7.901726348791271e-05,8.567045028939901e-08,0.0001,0.00015,0.01,0.02,0.0,nan
1761491137,11,6252,epoch,7.59644609037608e-08,0.0006946633559729432,0.0006004203532799192,9.424300235785515e-05,9.303500824582981e-08,0.0001,0.00015,0.01,0.02,0.0,nan
1761491138,11,6252,epoch,7.59644609037608e-08,0.0006946633559729432,0.0006004203532799192,9.424300235785515e-05,9.303500824582981e-08,0.0001,0.00015,0.01,0.02,0.0,nan
1761491141,11,6252,val_end,nan,0.004280476365238428,0.004186759702861309,4.685825388150988e-06,nan,0.0001,0.00015,0.01,0.02,nan,0.0
1761491142,11,6252,val_end,nan,0.004280476365238428,0.004186759702861309,4.685825388150988e-06,nan,0.0001,0.00015,0.01,0.02,nan,0.0
1761491147,11,6252,epoch,7.59644609037608e-08,0.0006946633559729432,0.0006004203532799192,9.424300235785515e-05,9.303500824582981e-08,0.0001,0.00015,0.01,0.02,0.0,nan
1761491147,11,6252,epoch,7.59644609037608e-08,0.0006946633559729432,0.0006004203532799192,9.424300235785515e-05,9.303500824582981e-08,0.0001,0.00015,0.01,0.02,0.0,nan
1761491150,11,6252,val_end,nan,0.004280476365238428,0.004186759702861309,4.685825388150988e-06,nan,0.0001,0.00015,0.01,0.02,nan,0.0
1761491151,11,6252,val_end,nan,0.004280476365238428,0.004186759702861309,4.685825388150988e-06,nan,0.0001,0.00015,0.01,0.02,nan,0.0
1761491179,12,6300,train,0.0,0.003953052684664726,0.003887176513671875,6.587613461306319e-05,1.5822418220068357e-07,0.0001,0.00015,0.01,0.02,0.0,nan
1761491179,12,6300,train,0.0,0.003953052684664726,0.003887176513671875,6.587613461306319e-05,1.5822418220068357e-07,0.0001,0.00015,0.01,0.02,0.0,nan
1761491190,12,6300,train,0.0,0.003953052684664726,0.003887176513671875,6.587613461306319e-05,1.5822418220068357e-07,0.0001,0.00015,0.01,0.02,0.0,nan
1761491191,12,6300,train,0.0,0.003953052684664726,0.003887176513671875,6.587613461306319e-05,1.5822418220068357e-07,0.0001,0.00015,0.01,0.02,0.0,nan
1761491258,12,6400,train,-9.5367431640625e-07,0.001671664067544043,0.0015954971313476562,7.616696530021727e-05,1.2534185600543424e-07,0.0001,0.00015,0.01,0.02,0.0,nan
1761491258,12,6400,train,-9.5367431640625e-07,0.001671664067544043,0.0015954971313476562,7.616696530021727e-05,1.2534185600543424e-07,0.0001,0.00015,0.01,0.02,0.0,nan
1761491269,12,6400,train,-9.5367431640625e-07,0.001671664067544043,0.0015954971313476562,7.616696530021727e-05,1.2534185600543424e-07,0.0001,0.00015,0.01,0.02,0.0,nan
1761491270,12,6400,train,-9.5367431640625e-07,0.001671664067544043,0.0015954971313476562,7.616696530021727e-05,1.2534185600543424e-07,0.0001,0.00015,0.01,0.02,0.0,nan
1761491338,12,6500,train,9.5367431640625e-07,0.001565943704918027,0.0014677047729492188,9.823899017646909e-05,1.1105021258117631e-07,0.0001,0.00015,0.01,0.02,0.0,nan
1761491339,12,6500,train,9.5367431640625e-07,0.001565943704918027,0.0014677047729492188,9.823899017646909e-05,1.1105021258117631e-07,0.0001,0.00015,0.01,0.02,0.0,nan
1761491349,12,6500,train,9.5367431640625e-07,0.001565943704918027,0.0014677047729492188,9.823899017646909e-05,1.1105021258117631e-07,0.0001,0.00015,0.01,0.02,0.0,nan
1761491351,12,6500,train,9.5367431640625e-07,0.001565943704918027,0.0014677047729492188,9.823899017646909e-05,1.1105021258117631e-07,0.0001,0.00015,0.01,0.02,0.0,nan
1761491418,12,6600,train,0.0,0.0026257892604917288,0.0025463104248046875,7.947891572257504e-05,1.069686206278675e-07,0.0001,0.00015,0.01,0.02,0.0,nan
1761491419,12,6600,train,0.0,0.0026257892604917288,0.0025463104248046875,7.947891572257504e-05,1.069686206278675e-07,0.0001,0.00015,0.01,0.02,0.0,nan
1761491429,12,6600,train,0.0,0.0026257892604917288,0.0025463104248046875,7.947891572257504e-05,1.069686206278675e-07,0.0001,0.00015,0.01,0.02,0.0,nan
1761491430,12,6600,train,0.0,0.0026257892604917288,0.0025463104248046875,7.947891572257504e-05,1.069686206278675e-07,0.0001,0.00015,0.01,0.02,0.0,nan
1761491499,12,6700,train,0.0,0.002218150533735752,0.002155303955078125,6.284659320954233e-05,5.564910310340565e-08,0.0001,0.00015,0.01,0.02,0.0,nan
1761491500,12,6700,train,0.0,0.002218150533735752,0.002155303955078125,6.284659320954233e-05,5.564910310340565e-08,0.0001,0.00015,0.01,0.02,0.0,nan
1761491511,12,6700,train,0.0,0.002218150533735752,0.002155303955078125,6.284659320954233e-05,5.564910310340565e-08,0.0001,0.00015,0.01,0.02,0.0,nan
1761491512,12,6700,train,0.0,0.002218150533735752,0.002155303955078125,6.284659320954233e-05,5.564910310340565e-08,0.0001,0.00015,0.01,0.02,0.0,nan
1761491554,12,6773,epoch,2.185122294069023e-08,0.0021200399617532684,0.0020331720930601037,8.686786859540713e-05,1.1068643757489716e-07,0.0001,0.00015,0.01,0.02,0.0,nan
1761491555,12,6773,epoch,2.185122294069023e-08,0.0021200399617532684,0.0020331720930601037,8.686786859540713e-05,1.1068643757489716e-07,0.0001,0.00015,0.01,0.02,0.0,nan
1761491558,12,6773,val_end,nan,0.0016482261708006263,0.0015544374473392963,4.689435172622325e-06,nan,0.0001,0.00015,0.01,0.02,nan,0.0
1761491559,12,6773,val_end,nan,0.0016482261708006263,0.0015544374473392963,4.689435172622325e-06,nan,0.0001,0.00015,0.01,0.02,nan,0.0
1761491564,12,6773,epoch,2.185122294069023e-08,0.0021200399617532684,0.0020331720930601037,8.686786859540713e-05,1.1068643757489716e-07,0.0001,0.00015,0.01,0.02,0.0,nan
1761491565,12,6773,epoch,2.185122294069023e-08,0.0021200399617532684,0.0020331720930601037,8.686786859540713e-05,1.1068643757489716e-07,0.0001,0.00015,0.01,0.02,0.0,nan
1761491567,12,6773,val_end,nan,0.0016482261708006263,0.0015544374473392963,4.689435172622325e-06,nan,0.0001,0.00015,0.01,0.02,nan,0.0
1761491569,12,6773,val_end,nan,0.0016482261708006263,0.0015544374473392963,4.689435172622325e-06,nan,0.0001,0.00015,0.01,0.02,nan,0.0
1761491577,13,6800,train,9.5367431640625e-07,0.0020040529780089855,0.001953125,5.09278652316425e-05,9.133859180110449e-08,5e-05,7.5e-05,0.01,0.02,0.0,nan
1761491579,13,6800,train,9.5367431640625e-07,0.0020040529780089855,0.001953125,5.09278652316425e-05,9.133859180110449e-08,5e-05,7.5e-05,0.01,0.02,0.0,nan
1761491590,13,6800,train,9.5367431640625e-07,0.0020040529780089855,0.001953125,5.09278652316425e-05,9.133859180110449e-08,5e-05,7.5e-05,0.01,0.02,0.0,nan
1761491591,13,6800,train,9.5367431640625e-07,0.0020040529780089855,0.001953125,5.09278652316425e-05,9.133859180110449e-08,5e-05,7.5e-05,0.01,0.02,0.0,nan
1761491655,13,6900,train,1.9073486328125e-06,0.003083842806518078,0.0030345916748046875,4.925116809317842e-05,9.571233761107578e-08,5e-05,7.5e-05,0.01,0.02,0.0,nan
1761491656,13,6900,train,1.9073486328125e-06,0.003083842806518078,0.0030345916748046875,4.925116809317842e-05,9.571233761107578e-08,5e-05,7.5e-05,0.01,0.02,0.0,nan
1761491667,13,6900,train,1.9073486328125e-06,0.003083842806518078,0.0030345916748046875,4.925116809317842e-05,9.571233761107578e-08,5e-05,7.5e-05,0.01,0.02,0.0,nan
1761491669,13,6900,train,1.9073486328125e-06,0.003083842806518078,0.0030345916748046875,4.925116809317842e-05,9.571233761107578e-08,5e-05,7.5e-05,0.01,0.02,0.0,nan
1761491733,13,7000,train,0.0,0.0019400870660319924,0.0018911361694335938,4.895088204648346e-05,6.06805272695965e-08,5e-05,7.5e-05,0.01,0.02,0.0,nan
1761491734,13,7000,train,0.0,0.0019400870660319924,0.0018911361694335938,4.895088204648346e-05,6.06805272695965e-08,5e-05,7.5e-05,0.01,0.02,0.0,nan
1761491746,13,7000,train,0.0,0.0019400870660319924,0.0018911361694335938,4.895088204648346e-05,6.06805272695965e-08,5e-05,7.5e-05,0.01,0.02,0.0,nan
1761491748,13,7000,train,0.0,0.0019400870660319924,0.0018911361694335938,4.895088204648346e-05,6.06805272695965e-08,5e-05,7.5e-05,0.01,0.02,0.0,nan
1761491812,13,7100,train,0.0,0.0021368192974478006,0.0020923614501953125,4.445776721695438e-05,8.530251704996772e-08,5e-05,7.5e-05,0.01,0.02,0.0,nan
1761491814,13,7100,train,0.0,0.0021368192974478006,0.0020923614501953125,4.445776721695438e-05,8.530251704996772e-08,5e-05,7.5e-05,0.01,0.02,0.0,nan
1761491826,13,7100,train,0.0,0.0021368192974478006,0.0020923614501953125,4.445776721695438e-05,8.530251704996772e-08,5e-05,7.5e-05,0.01,0.02,0.0,nan
1761491827,13,7100,train,0.0,0.0021368192974478006,0.0020923614501953125,4.445776721695438e-05,8.530251704996772e-08,5e-05,7.5e-05,0.01,0.02,0.0,nan
1761491893,13,7200,train,1.9073486328125e-06,0.0024916448164731264,0.00244903564453125,4.2609241063473746e-05,5.022080173944232e-08,5e-05,7.5e-05,0.01,0.02,0.0,nan
1761491895,13,7200,train,1.9073486328125e-06,0.0024916448164731264,0.00244903564453125,4.2609241063473746e-05,5.022080173944232e-08,5e-05,7.5e-05,0.01,0.02,0.0,nan
1761491907,13,7200,train,1.9073486328125e-06,0.0024916448164731264,0.00244903564453125,4.2609241063473746e-05,5.022080173944232e-08,5e-05,7.5e-05,0.01,0.02,0.0,nan
1761491909,13,7200,train,1.9073486328125e-06,0.0024916448164731264,0.00244903564453125,4.2609241063473746e-05,5.022080173944232e-08,5e-05,7.5e-05,0.01,0.02,0.0,nan
1761491966,13,7294,epoch,3.111797193648032e-08,0.0023059776339290267,0.0022582916289053128,4.768600496436105e-05,7.421432199003705e-08,5e-05,7.5e-05,0.01,0.02,0.0,nan
1761491968,13,7294,epoch,3.111797193648032e-08,0.0023059776339290267,0.0022582916289053128,4.768600496436105e-05,7.421432199003705e-08,5e-05,7.5e-05,0.01,0.02,0.0,nan
1761491970,13,7294,val_end,nan,0.002349228598177433,0.0022990736179053783,2.5077458758460125e-06,nan,5e-05,7.5e-05,0.01,0.02,nan,0.0
1761491972,13,7294,val_end,nan,0.002349228598177433,0.0022990736179053783,2.5077458758460125e-06,nan,5e-05,7.5e-05,0.01,0.02,nan,0.0
1761491977,14,7300,train,1.9073486328125e-06,0.0023940717801451683,0.0023555755615234375,3.849610948236659e-05,3.593086361775022e-08,5e-05,7.5e-05,0.01,0.02,0.0,nan
1761491978,13,7294,epoch,3.111797193648032e-08,0.0023059776339290267,0.0022582916289053128,4.768600496436105e-05,7.421432199003705e-08,5e-05,7.5e-05,0.01,0.02,0.0,nan
1761491979,14,7300,train,1.9073486328125e-06,0.0023940717801451683,0.0023555755615234375,3.849610948236659e-05,3.593086361775022e-08,5e-05,7.5e-05,0.01,0.02,0.0,nan
1761491979,13,7294,epoch,3.111797193648032e-08,0.0023059776339290267,0.0022582916289053128,4.768600496436105e-05,7.421432199003705e-08,5e-05,7.5e-05,0.01,0.02,0.0,nan
1761491982,13,7294,val_end,nan,0.002349228598177433,0.0022990736179053783,2.5077458758460125e-06,nan,5e-05,7.5e-05,0.01,0.02,nan,0.0
1761491983,13,7294,val_end,nan,0.002349228598177433,0.0022990736179053783,2.5077458758460125e-06,nan,5e-05,7.5e-05,0.01,0.02,nan,0.0
1761491989,14,7300,train,1.9073486328125e-06,0.0023940717801451683,0.0023555755615234375,3.849610948236659e-05,3.593086361775022e-08,5e-05,7.5e-05,0.01,0.02,0.0,nan
1761491990,14,7300,train,1.9073486328125e-06,0.0023940717801451683,0.0023555755615234375,3.849610948236659e-05,3.593086361775022e-08,5e-05,7.5e-05,0.01,0.02,0.0,nan
1761492055,14,7400,train,1.9073486328125e-06,0.0012373996432870626,0.001194000244140625,4.339945735409856e-05,6.115809014772822e-08,5e-05,7.5e-05,0.01,0.02,0.0,nan
1761492057,14,7400,train,1.9073486328125e-06,0.0012373996432870626,0.001194000244140625,4.339945735409856e-05,6.115809014772822e-08,5e-05,7.5e-05,0.01,0.02,0.0,nan
1761492069,14,7400,train,1.9073486328125e-06,0.0012373996432870626,0.001194000244140625,4.339945735409856e-05,6.115809014772822e-08,5e-05,7.5e-05,0.01,0.02,0.0,nan
1761492070,14,7400,train,1.9073486328125e-06,0.0012373996432870626,0.001194000244140625,4.339945735409856e-05,6.115809014772822e-08,5e-05,7.5e-05,0.01,0.02,0.0,nan
1761492133,14,7500,train,-1.9073486328125e-06,0.0017517716623842716,0.0017004013061523438,5.1370352593949065e-05,5.170943140342388e-08,5e-05,7.5e-05,0.01,0.02,0.0,nan
1761492135,14,7500,val,nan,0.0017244883347302675,0.0016785087063908577,2.298984327353537e-06,nan,5e-05,7.5e-05,0.01,0.02,nan,0.0
1761492136,14,7500,train,-1.9073486328125e-06,0.0017517716623842716,0.0017004013061523438,5.1370352593949065e-05,5.170943140342388e-08,5e-05,7.5e-05,0.01,0.02,0.0,nan
1761492138,14,7500,val,nan,0.0017244883347302675,0.0016785087063908577,2.298984327353537e-06,nan,5e-05,7.5e-05,0.01,0.02,nan,0.0
1761492146,14,7500,train,-1.9073486328125e-06,0.0017517716623842716,0.0017004013061523438,5.1370352593949065e-05,5.170943140342388e-08,5e-05,7.5e-05,0.01,0.02,0.0,nan
1761492147,14,7500,train,-1.9073486328125e-06,0.0017517716623842716,0.0017004013061523438,5.1370352593949065e-05,5.170943140342388e-08,5e-05,7.5e-05,0.01,0.02,0.0,nan
1761492148,14,7500,val,nan,0.0017244883347302675,0.0016785087063908577,2.298984327353537e-06,nan,5e-05,7.5e-05,0.01,0.02,nan,0.0
1761492149,14,7500,val,nan,0.0017244883347302675,0.0016785087063908577,2.298984327353537e-06,nan,5e-05,7.5e-05,0.01,0.02,nan,0.0
1761492214,14,7600,train,0.0,0.0012646653922274709,0.001216888427734375,4.7776975407032296e-05,4.940936193520429e-08,5e-05,7.5e-05,0.01,0.02,0.0,nan
1761492217,14,7600,train,0.0,0.0012646653922274709,0.001216888427734375,4.7776975407032296e-05,4.940936193520429e-08,5e-05,7.5e-05,0.01,0.02,0.0,nan
1761492228,14,7600,train,0.0,0.0012646653922274709,0.001216888427734375,4.7776975407032296e-05,4.940936193520429e-08,5e-05,7.5e-05,0.01,0.02,0.0,nan
1761492229,14,7600,train,0.0,0.0012646653922274709,0.001216888427734375,4.7776975407032296e-05,4.940936193520429e-08,5e-05,7.5e-05,0.01,0.02,0.0,nan
1761492294,14,7700,train,9.5367431640625e-07,8.771246211836115e-05,4.655122756958008e-05,4.116123454878107e-05,6.857756318368047e-08,5e-05,7.5e-05,0.01,0.02,0.0,nan
1761492298,14,7700,train,9.5367431640625e-07,8.771246211836115e-05,4.655122756958008e-05,4.116123454878107e-05,6.857756318368047e-08,5e-05,7.5e-05,0.01,0.02,0.0,nan
1761492309,14,7700,train,9.5367431640625e-07,8.771246211836115e-05,4.655122756958008e-05,4.116123454878107e-05,6.857756318368047e-08,5e-05,7.5e-05,0.01,0.02,0.0,nan
1761492310,14,7700,train,9.5367431640625e-07,8.771246211836115e-05,4.655122756958008e-05,4.116123454878107e-05,6.857756318368047e-08,5e-05,7.5e-05,0.01,0.02,0.0,nan
1761492371,14,7800,train,-1.1920928955078125e-06,0.0004500640498008579,0.0004029273986816406,4.7136640205280855e-05,7.184756611877674e-08,5e-05,7.5e-05,0.01,0.02,0.0,nan
1761492374,14,7800,train,-1.1920928955078125e-06,0.0004500640498008579,0.0004029273986816406,4.7136640205280855e-05,7.184756611877674e-08,5e-05,7.5e-05,0.01,0.02,0.0,nan
1761492381,14,7815,epoch,-2.6198586667110274e-08,0.0010929459218361913,0.0010465194762553913,4.642644706811182e-05,5.610235211605041e-08,5e-05,7.5e-05,0.01,0.02,0.0,nan
1761492384,14,7815,epoch,-2.6198586667110274e-08,0.0010929459218361913,0.0010465194762553913,4.642644706811182e-05,5.610235211605041e-08,5e-05,7.5e-05,0.01,0.02,0.0,nan
1761492384,14,7800,train,-1.1920928955078125e-06,0.0004500640498008579,0.0004029273986816406,4.7136640205280855e-05,7.184756611877674e-08,5e-05,7.5e-05,0.01,0.02,0.0,nan
1761492385,14,7800,train,-1.1920928955078125e-06,0.0004500640498008579,0.0004029273986816406,4.7136640205280855e-05,7.184756611877674e-08,5e-05,7.5e-05,0.01,0.02,0.0,nan
1761492385,14,7815,val_end,nan,0.0006850315839983523,0.0006404505111277103,2.2290541892289184e-06,nan,5e-05,7.5e-05,0.01,0.02,nan,0.0
1761492388,14,7815,val_end,nan,0.0006850315839983523,0.0006404505111277103,2.2290541892289184e-06,nan,5e-05,7.5e-05,0.01,0.02,nan,0.0
1761492394,14,7815,epoch,-2.6198586667110274e-08,0.0010929459218361913,0.0010465194762553913,4.642644706811182e-05,5.610235211605041e-08,5e-05,7.5e-05,0.01,0.02,0.0,nan
1761492394,14,7815,epoch,-2.6198586667110274e-08,0.0010929459218361913,0.0010465194762553913,4.642644706811182e-05,5.610235211605041e-08,5e-05,7.5e-05,0.01,0.02,0.0,nan
1761492397,14,7815,val_end,nan,0.0006850315839983523,0.0006404505111277103,2.2290541892289184e-06,nan,5e-05,7.5e-05,0.01,0.02,nan,0.0
1761492398,14,7815,val_end,nan,0.0006850315839983523,0.0006404505111277103,2.2290541892289184e-06,nan,5e-05,7.5e-05,0.01,0.02,nan,0.0
1761492451,15,7900,train,-9.5367431640625e-07,0.0006783073185943067,0.0006566047668457031,2.1702562662540004e-05,5.682755244151849e-08,2.5e-05,3.75e-05,0.01,0.02,0.0,nan
1761492454,15,7900,train,-9.5367431640625e-07,0.0006783073185943067,0.0006566047668457031,2.1702562662540004e-05,5.682755244151849e-08,2.5e-05,3.75e-05,0.01,0.02,0.0,nan
1761492465,15,7900,train,-9.5367431640625e-07,0.0006783073185943067,0.0006566047668457031,2.1702562662540004e-05,5.682755244151849e-08,2.5e-05,3.75e-05,0.01,0.02,0.0,nan
1761492465,15,7900,train,-9.5367431640625e-07,0.0006783073185943067,0.0006566047668457031,2.1702562662540004e-05,5.682755244151849e-08,2.5e-05,3.75e-05,0.01,0.02,0.0,nan
1761492530,15,8000,train,1.9073486328125e-06,0.0005953980726189911,0.0005640983581542969,3.1299721740651876e-05,7.491550491067756e-08,2.5e-05,3.75e-05,0.01,0.02,0.0,nan
1761492533,15,8000,train,1.9073486328125e-06,0.0005953980726189911,0.0005640983581542969,3.1299721740651876e-05,7.491550491067756e-08,2.5e-05,3.75e-05,0.01,0.02,0.0,nan
1761492545,15,8000,train,1.9073486328125e-06,0.0005953980726189911,0.0005640983581542969,3.1299721740651876e-05,7.491550491067756e-08,2.5e-05,3.75e-05,0.01,0.02,0.0,nan
1761492545,15,8000,train,1.9073486328125e-06,0.0005953980726189911,0.0005640983581542969,3.1299721740651876e-05,7.491550491067756e-08,2.5e-05,3.75e-05,0.01,0.02,0.0,nan
1761492610,15,8100,train,-4.76837158203125e-07,0.0009154453291557729,0.000885009765625,3.0435538064921275e-05,8.503184290020727e-08,2.5e-05,3.75e-05,0.01,0.02,0.0,nan
1761492614,15,8100,train,-4.76837158203125e-07,0.0009154453291557729,0.000885009765625,3.0435538064921275e-05,8.503184290020727e-08,2.5e-05,3.75e-05,0.01,0.02,0.0,nan
1761492626,15,8100,train,-4.76837158203125e-07,0.0009154453291557729,0.000885009765625,3.0435538064921275e-05,8.503184290020727e-08,2.5e-05,3.75e-05,0.01,0.02,0.0,nan
1761492626,15,8100,train,-4.76837158203125e-07,0.0009154453291557729,0.000885009765625,3.0435538064921275e-05,8.503184290020727e-08,2.5e-05,3.75e-05,0.01,0.02,0.0,nan
1761492689,15,8200,train,-4.291534423828125e-06,0.0005033303168602288,0.0004730224609375,3.030787775060162e-05,5.90284585655354e-08,2.5e-05,3.75e-05,0.01,0.02,0.0,nan
1761492693,15,8200,train,-4.291534423828125e-06,0.0005033303168602288,0.0004730224609375,3.030787775060162e-05,5.90284585655354e-08,2.5e-05,3.75e-05,0.01,0.02,0.0,nan
1761492705,15,8200,train,-4.291534423828125e-06,0.0005033303168602288,0.0004730224609375,3.030787775060162e-05,5.90284585655354e-08,2.5e-05,3.75e-05,0.01,0.02,0.0,nan
1761492705,15,8200,train,-4.291534423828125e-06,0.0005033303168602288,0.0004730224609375,3.030787775060162e-05,5.90284585655354e-08,2.5e-05,3.75e-05,0.01,0.02,0.0,nan
1761492766,15,8300,train,-1.9073486328125e-06,0.0005790310096926987,0.0005488395690917969,3.0191422411007807e-05,5.96172355926683e-08,2.5e-05,3.75e-05,0.01,0.02,0.0,nan
1761492771,15,8300,train,-1.9073486328125e-06,0.0005790310096926987,0.0005488395690917969,3.0191422411007807e-05,5.96172355926683e-08,2.5e-05,3.75e-05,0.01,0.02,0.0,nan
1761492782,15,8300,train,-1.9073486328125e-06,0.0005790310096926987,0.0005488395690917969,3.0191422411007807e-05,5.96172355926683e-08,2.5e-05,3.75e-05,0.01,0.02,0.0,nan
1761492782,15,8300,train,-1.9073486328125e-06,0.0005790310096926987,0.0005488395690917969,3.0191422411007807e-05,5.96172355926683e-08,2.5e-05,3.75e-05,0.01,0.02,0.0,nan
1761492793,15,8336,epoch,-9.609961921560101e-09,0.0007271787584955927,0.0006995731946831702,2.7605563896214822e-05,7.200989526655452e-08,2.5e-05,3.75e-05,0.01,0.02,0.0,nan
1761492797,15,8336,val_end,nan,0.0004221365670673549,0.0003954425628762692,1.3347008689379436e-06,nan,2.5e-05,3.75e-05,0.01,0.02,nan,0.0
1761492798,15,8336,epoch,-9.609961921560101e-09,0.0007271787584955927,0.0006995731946831702,2.7605563896214822e-05,7.200989526655452e-08,2.5e-05,3.75e-05,0.01,0.02,0.0,nan
1761492802,15,8336,val_end,nan,0.0004221365670673549,0.0003954425628762692,1.3347008689379436e-06,nan,2.5e-05,3.75e-05,0.01,0.02,nan,0.0
1761492808,15,8336,epoch,-9.609961921560101e-09,0.0007271787584955927,0.0006995731946831702,2.7605563896214822e-05,7.200989526655452e-08,2.5e-05,3.75e-05,0.01,0.02,0.0,nan
1761492808,15,8336,epoch,-9.609961921560101e-09,0.0007271787584955927,0.0006995731946831702,2.7605563896214822e-05,7.200989526655452e-08,2.5e-05,3.75e-05,0.01,0.02,0.0,nan
1761492812,15,8336,val_end,nan,0.0004221365670673549,0.0003954425628762692,1.3347008689379436e-06,nan,2.5e-05,3.75e-05,0.01,0.02,nan,0.0
1761492812,15,8336,val_end,nan,0.0004221365670673549,0.0003954425628762692,1.3347008689379436e-06,nan,2.5e-05,3.75e-05,0.01,0.02,nan,0.0
1761492845,16,8400,train,-1.430511474609375e-06,0.0005564972525462508,0.0005273818969726562,2.9115351935615763e-05,4.305693934725241e-08,2.5e-05,3.75e-05,0.01,0.02,0.0,nan
1761492850,16,8400,train,-1.430511474609375e-06,0.0005564972525462508,0.0005273818969726562,2.9115351935615763e-05,4.305693934725241e-08,2.5e-05,3.75e-05,0.01,0.02,0.0,nan
1761492863,16,8400,train,-1.430511474609375e-06,0.0005564972525462508,0.0005273818969726562,2.9115351935615763e-05,4.305693934725241e-08,2.5e-05,3.75e-05,0.01,0.02,0.0,nan
1761492863,16,8400,train,-1.430511474609375e-06,0.0005564972525462508,0.0005273818969726562,2.9115351935615763e-05,4.305693934725241e-08,2.5e-05,3.75e-05,0.01,0.02,0.0,nan
1761492925,16,8500,train,2.0265579223632812e-06,0.00027821396361105144,0.00024819374084472656,3.0020222766324878e-05,5.977321393402235e-08,2.5e-05,3.75e-05,0.01,0.02,0.0,nan
1761492931,16,8500,train,2.0265579223632812e-06,0.00027821396361105144,0.00024819374084472656,3.0020222766324878e-05,5.977321393402235e-08,2.5e-05,3.75e-05,0.01,0.02,0.0,nan
1761492944,16,8500,train,2.0265579223632812e-06,0.00027821396361105144,0.00024819374084472656,3.0020222766324878e-05,5.977321393402235e-08,2.5e-05,3.75e-05,0.01,0.02,0.0,nan
1761492944,16,8500,train,2.0265579223632812e-06,0.00027821396361105144,0.00024819374084472656,3.0020222766324878e-05,5.977321393402235e-08,2.5e-05,3.75e-05,0.01,0.02,0.0,nan
1761493002,16,8600,train,2.384185791015625e-07,0.0004297698033042252,0.00039887428283691406,3.0895531381247565e-05,4.762902605648378e-08,2.5e-05,3.75e-05,0.01,0.02,0.0,nan
1761493009,16,8600,train,2.384185791015625e-07,0.0004297698033042252,0.00039887428283691406,3.0895531381247565e-05,4.762902605648378e-08,2.5e-05,3.75e-05,0.01,0.02,0.0,nan
1761493023,16,8600,train,2.384185791015625e-07,0.0004297698033042252,0.00039887428283691406,3.0895531381247565e-05,4.762902605648378e-08,2.5e-05,3.75e-05,0.01,0.02,0.0,nan
1761493023,16,8600,train,2.384185791015625e-07,0.0004297698033042252,0.00039887428283691406,3.0895531381247565e-05,4.762902605648378e-08,2.5e-05,3.75e-05,0.01,0.02,0.0,nan
1761493084,16,8700,train,1.430511474609375e-06,0.0007880328921601176,0.0007600784301757812,2.7954456527368166e-05,3.954409777406909e-08,2.5e-05,3.75e-05,0.01,0.02,0.0,nan
1761493091,16,8700,train,1.430511474609375e-06,0.0007880328921601176,0.0007600784301757812,2.7954456527368166e-05,3.954409777406909e-08,2.5e-05,3.75e-05,0.01,0.02,0.0,nan
1761493104,16,8700,train,1.430511474609375e-06,0.0007880328921601176,0.0007600784301757812,2.7954456527368166e-05,3.954409777406909e-08,2.5e-05,3.75e-05,0.01,0.02,0.0,nan
1761493104,16,8700,train,1.430511474609375e-06,0.0007880328921601176,0.0007600784301757812,2.7954456527368166e-05,3.954409777406909e-08,2.5e-05,3.75e-05,0.01,0.02,0.0,nan
1761493161,16,8800,train,0.0,0.0010237505193799734,0.0009927749633789062,3.097558510489762e-05,3.9420537945034084e-08,2.5e-05,3.75e-05,0.01,0.02,0.0,nan
1761493168,16,8800,train,0.0,0.0010237505193799734,0.0009927749633789062,3.097558510489762e-05,3.9420537945034084e-08,2.5e-05,3.75e-05,0.01,0.02,0.0,nan
1761493181,16,8800,train,0.0,0.0010237505193799734,0.0009927749633789062,3.097558510489762e-05,3.9420537945034084e-08,2.5e-05,3.75e-05,0.01,0.02,0.0,nan
1761493182,16,8800,train,0.0,0.0010237505193799734,0.0009927749633789062,3.097558510489762e-05,3.9420537945034084e-08,2.5e-05,3.75e-05,0.01,0.02,0.0,nan
1761493205,16,8857,epoch,1.1760762923052123e-07,0.0006250546212377823,0.0005980293032303882,2.7025317937567393e-05,4.208131117356682e-08,2.5e-05,3.75e-05,0.01,0.02,0.0,nan
1761493209,16,8857,val_end,nan,0.0010180919198319316,0.00099164096172899,1.322548087046016e-06,nan,2.5e-05,3.75e-05,0.01,0.02,nan,0.0
1761493211,16,8857,epoch,1.1760762923052123e-07,0.0006250546212377823,0.0005980293032303882,2.7025317937567393e-05,4.208131117356682e-08,2.5e-05,3.75e-05,0.01,0.02,0.0,nan
1761493215,16,8857,val_end,nan,0.0010180919198319316,0.00099164096172899,1.322548087046016e-06,nan,2.5e-05,3.75e-05,0.01,0.02,nan,0.0
1761493223,16,8857,epoch,1.1760762923052123e-07,0.0006250546212377823,0.0005980293032303882,2.7025317937567393e-05,4.208131117356682e-08,2.5e-05,3.75e-05,0.01,0.02,0.0,nan
1761493223,16,8857,epoch,1.1760762923052123e-07,0.0006250546212377823,0.0005980293032303882,2.7025317937567393e-05,4.208131117356682e-08,2.5e-05,3.75e-05,0.01,0.02,0.0,nan
1761493227,16,8857,val_end,nan,0.0010180919198319316,0.00099164096172899,1.322548087046016e-06,nan,2.5e-05,3.75e-05,0.01,0.02,nan,0.0
1761493227,16,8857,val_end,nan,0.0010180919198319316,0.00099164096172899,1.322548087046016e-06,nan,2.5e-05,3.75e-05,0.01,0.02,nan,0.0
1761493241,17,8900,train,1.9073486328125e-06,0.0011141089489683509,0.0010843276977539062,2.9781276680296287e-05,4.3337347932492776e-08,2.5e-05,3.75e-05,0.01,0.02,0.0,nan
1761493248,17,8900,train,1.9073486328125e-06,0.0011141089489683509,0.0010843276977539062,2.9781276680296287e-05,4.3337347932492776e-08,2.5e-05,3.75e-05,0.01,0.02,0.0,nan
1761493262,17,8900,train,1.9073486328125e-06,0.0011141089489683509,0.0010843276977539062,2.9781276680296287e-05,4.3337347932492776e-08,2.5e-05,3.75e-05,0.01,0.02,0.0,nan
1761493263,17,8900,train,1.9073486328125e-06,0.0011141089489683509,0.0010843276977539062,2.9781276680296287e-05,4.3337347932492776e-08,2.5e-05,3.75e-05,0.01,0.02,0.0,nan
1761493321,17,9000,train,-1.9073486328125e-06,0.001552203088067472,0.0015277862548828125,2.4416865926468745e-05,4.364249406307863e-08,2.5e-05,3.75e-05,0.01,0.02,0.0,nan
1761493323,17,9000,val,nan,0.0015348988818004727,0.0015081048477441072,1.3396991107583744e-06,nan,2.5e-05,3.75e-05,0.01,0.02,nan,0.0
1761493328,17,9000,train,-1.9073486328125e-06,0.001552203088067472,0.0015277862548828125,2.4416865926468745e-05,4.364249406307863e-08,2.5e-05,3.75e-05,0.01,0.02,0.0,nan
1761493330,17,9000,val,nan,0.0015348988818004727,0.0015081048477441072,1.3396991107583744e-06,nan,2.5e-05,3.75e-05,0.01,0.02,nan,0.0
1761493342,17,9000,train,-1.9073486328125e-06,0.001552203088067472,0.0015277862548828125,2.4416865926468745e-05,4.364249406307863e-08,2.5e-05,3.75e-05,0.01,0.02,0.0,nan
1761493342,17,9000,train,-1.9073486328125e-06,0.001552203088067472,0.0015277862548828125,2.4416865926468745e-05,4.364249406307863e-08,2.5e-05,3.75e-05,0.01,0.02,0.0,nan
1761493344,17,9000,val,nan,0.0015348988818004727,0.0015081048477441072,1.3396991107583744e-06,nan,2.5e-05,3.75e-05,0.01,0.02,nan,0.0
1761493344,17,9000,val,nan,0.0015348988818004727,0.0015081048477441072,1.3396991107583744e-06,nan,2.5e-05,3.75e-05,0.01,0.02,nan,0.0
1761493403,17,9100,train,-9.5367431640625e-07,0.0014447385910898447,0.0014257431030273438,1.8995484424522147e-05,4.2229896024537084e-08,1.25e-05,1.875e-05,0.01,0.02,0.0,nan
1761493410,17,9100,train,-9.5367431640625e-07,0.0014447385910898447,0.0014257431030273438,1.8995484424522147e-05,4.2229896024537084e-08,1.25e-05,1.875e-05,0.01,0.02,0.0,nan
1761493425,17,9100,train,-9.5367431640625e-07,0.0014447385910898447,0.0014257431030273438,1.8995484424522147e-05,4.2229896024537084e-08,1.25e-05,1.875e-05,0.01,0.02,0.0,nan
1761493425,17,9100,train,-9.5367431640625e-07,0.0014447385910898447,0.0014257431030273438,1.8995484424522147e-05,4.2229896024537084e-08,1.25e-05,1.875e-05,0.01,0.02,0.0,nan
1761493482,17,9200,train,-2.86102294921875e-06,0.0014416289050132036,0.0014209747314453125,2.065416811092291e-05,3.9797313888811914e-08,1.25e-05,1.875e-05,0.01,0.02,0.0,nan
1761493489,17,9200,train,-2.86102294921875e-06,0.0014416289050132036,0.0014209747314453125,2.065416811092291e-05,3.9797313888811914e-08,1.25e-05,1.875e-05,0.01,0.02,0.0,nan
1761493503,17,9200,train,-2.86102294921875e-06,0.0014416289050132036,0.0014209747314453125,2.065416811092291e-05,3.9797313888811914e-08,1.25e-05,1.875e-05,0.01,0.02,0.0,nan
1761493503,17,9200,train,-2.86102294921875e-06,0.0014416289050132036,0.0014209747314453125,2.065416811092291e-05,3.9797313888811914e-08,1.25e-05,1.875e-05,0.01,0.02,0.0,nan
1761493560,17,9300,train,9.5367431640625e-07,0.0015149627579376101,0.001495361328125,1.9601426174631342e-05,3.0863240851886076e-08,1.25e-05,1.875e-05,0.01,0.02,0.0,nan
1761493567,17,9300,train,9.5367431640625e-07,0.0015149627579376101,0.001495361328125,1.9601426174631342e-05,3.0863240851886076e-08,1.25e-05,1.875e-05,0.01,0.02,0.0,nan
1761493581,17,9300,train,9.5367431640625e-07,0.0015149627579376101,0.001495361328125,1.9601426174631342e-05,3.0863240851886076e-08,1.25e-05,1.875e-05,0.01,0.02,0.0,nan
1761493582,17,9300,train,9.5367431640625e-07,0.0015149627579376101,0.001495361328125,1.9601426174631342e-05,3.0863240851886076e-08,1.25e-05,1.875e-05,0.01,0.02,0.0,nan
1761493617,17,9378,epoch,3.660937874880038e-08,0.0014439354004470663,0.0014234257293525446,2.0509670968833353e-05,3.548215751327497e-08,1.25e-05,1.875e-05,0.01,0.02,0.0,nan
1761493621,17,9378,val_end,nan,0.0014248320367187262,0.0014035924104973674,1.0619810382195283e-06,nan,1.25e-05,1.875e-05,0.01,0.02,nan,0.0
1761493623,17,9378,epoch,3.660937874880038e-08,0.0014439354004470663,0.0014234257293525446,2.0509670968833353e-05,3.548215751327497e-08,1.25e-05,1.875e-05,0.01,0.02,0.0,nan
1761493627,17,9378,val_end,nan,0.0014248320367187262,0.0014035924104973674,1.0619810382195283e-06,nan,1.25e-05,1.875e-05,0.01,0.02,nan,0.0
1761493637,17,9378,epoch,3.660937874880038e-08,0.0014439354004470663,0.0014234257293525446,2.0509670968833353e-05,3.548215751327497e-08,1.25e-05,1.875e-05,0.01,0.02,0.0,nan
1761493637,17,9378,epoch,3.660937874880038e-08,0.0014439354004470663,0.0014234257293525446,2.0509670968833353e-05,3.548215751327497e-08,1.25e-05,1.875e-05,0.01,0.02,0.0,nan
1761493639,18,9400,train,-9.5367431640625e-07,0.001361267059110105,0.0013427734375,1.849365798989311e-05,3.467185649697058e-08,1.25e-05,1.875e-05,0.01,0.02,0.0,nan
1761493641,17,9378,val_end,nan,0.0014248320367187262,0.0014035924104973674,1.0619810382195283e-06,nan,1.25e-05,1.875e-05,0.01,0.02,nan,0.0
1761493641,17,9378,val_end,nan,0.0014248320367187262,0.0014035924104973674,1.0619810382195283e-06,nan,1.25e-05,1.875e-05,0.01,0.02,nan,0.0
1761493645,18,9400,train,-9.5367431640625e-07,0.001361267059110105,0.0013427734375,1.849365798989311e-05,3.467185649697058e-08,1.25e-05,1.875e-05,0.01,0.02,0.0,nan
1761493661,18,9400,train,-9.5367431640625e-07,0.001361267059110105,0.0013427734375,1.849365798989311e-05,3.467185649697058e-08,1.25e-05,1.875e-05,0.01,0.02,0.0,nan
1761493661,18,9400,train,-9.5367431640625e-07,0.001361267059110105,0.0013427734375,1.849365798989311e-05,3.467185649697058e-08,1.25e-05,1.875e-05,0.01,0.02,0.0,nan
1761493720,18,9500,train,0.0,0.0012236671755090356,0.0012073516845703125,1.6315494576701894e-05,3.1136679012888635e-08,1.25e-05,1.875e-05,0.01,0.02,0.0,nan
1761493727,18,9500,train,0.0,0.0012236671755090356,0.0012073516845703125,1.6315494576701894e-05,3.1136679012888635e-08,1.25e-05,1.875e-05,0.01,0.02,0.0,nan
1761493744,18,9500,train,0.0,0.0012236671755090356,0.0012073516845703125,1.6315494576701894e-05,3.1136679012888635e-08,1.25e-05,1.875e-05,0.01,0.02,0.0,nan
1761493744,18,9500,train,0.0,0.0012236671755090356,0.0012073516845703125,1.6315494576701894e-05,3.1136679012888635e-08,1.25e-05,1.875e-05,0.01,0.02,0.0,nan
1761493798,18,9600,train,9.5367431640625e-07,0.0011952250497415662,0.001178741455078125,1.6483616491314024e-05,2.9348036889587092e-08,1.25e-05,1.875e-05,0.01,0.02,0.0,nan
1761493805,18,9600,train,9.5367431640625e-07,0.0011952250497415662,0.001178741455078125,1.6483616491314024e-05,2.9348036889587092e-08,1.25e-05,1.875e-05,0.01,0.02,0.0,nan
1761493822,18,9600,train,9.5367431640625e-07,0.0011952250497415662,0.001178741455078125,1.6483616491314024e-05,2.9348036889587092e-08,1.25e-05,1.875e-05,0.01,0.02,0.0,nan
1761493823,18,9600,train,9.5367431640625e-07,0.0011952250497415662,0.001178741455078125,1.6483616491314024e-05,2.9348036889587092e-08,1.25e-05,1.875e-05,0.01,0.02,0.0,nan
1761493879,18,9700,train,0.0,0.0012619743356481194,0.0012445449829101562,1.742939457471948e-05,3.687003413688217e-08,1.25e-05,1.875e-05,0.01,0.02,0.0,nan
1761493887,18,9700,train,0.0,0.0012619743356481194,0.0012445449829101562,1.742939457471948e-05,3.687003413688217e-08,1.25e-05,1.875e-05,0.01,0.02,0.0,nan
1761493904,18,9700,train,0.0,0.0012619743356481194,0.0012445449829101562,1.742939457471948e-05,3.687003413688217e-08,1.25e-05,1.875e-05,0.01,0.02,0.0,nan
1761493904,18,9700,train,0.0,0.0012619743356481194,0.0012445449829101562,1.742939457471948e-05,3.687003413688217e-08,1.25e-05,1.875e-05,0.01,0.02,0.0,nan
1761493957,18,9800,train,-1.9073486328125e-06,0.0011732260463759303,0.001155853271484375,1.7372722140862606e-05,3.5347277105302055e-08,1.25e-05,1.875e-05,0.01,0.02,0.0,nan
1761493966,18,9800,train,-1.9073486328125e-06,0.0011732260463759303,0.001155853271484375,1.7372722140862606e-05,3.5347277105302055e-08,1.25e-05,1.875e-05,0.01,0.02,0.0,nan
1761493982,18,9800,train,-1.9073486328125e-06,0.0011732260463759303,0.001155853271484375,1.7372722140862606e-05,3.5347277105302055e-08,1.25e-05,1.875e-05,0.01,0.02,0.0,nan
1761493982,18,9800,train,-1.9073486328125e-06,0.0011732260463759303,0.001155853271484375,1.7372722140862606e-05,3.5347277105302055e-08,1.25e-05,1.875e-05,0.01,0.02,0.0,nan
1761494034,18,9899,epoch,-4.027031662368042e-08,0.0012511107074043171,0.0012332015669048405,1.7909141344381604e-05,3.147397471332235e-08,1.25e-05,1.875e-05,0.01,0.02,0.0,nan
1761494038,18,9899,val_end,nan,0.0011421695817261934,0.0011230462696403265,9.561634897181648e-07,nan,1.25e-05,1.875e-05,0.01,0.02,nan,0.0
1761494040,19,9900,train,0.0,0.001163254026323557,0.0011434555053710938,1.9798528228420764e-05,3.146251614793982e-08,1.25e-05,1.875e-05,0.01,0.02,0.0,nan
1761494041,18,9899,epoch,-4.027031662368042e-08,0.0012511107074043171,0.0012332015669048405,1.7909141344381604e-05,3.147397471332235e-08,1.25e-05,1.875e-05,0.01,0.02,0.0,nan
1761494045,18,9899,val_end,nan,0.0011421695817261934,0.0011230462696403265,9.561634897181648e-07,nan,1.25e-05,1.875e-05,0.01,0.02,nan,0.0
1761494047,19,9900,train,0.0,0.001163254026323557,0.0011434555053710938,1.9798528228420764e-05,3.146251614793982e-08,1.25e-05,1.875e-05,0.01,0.02,0.0,nan
1761494057,18,9899,epoch,-4.027031662368042e-08,0.0012511107074043171,0.0012332015669048405,1.7909141344381604e-05,3.147397471332235e-08,1.25e-05,1.875e-05,0.01,0.02,0.0,nan
1761494057,18,9899,epoch,-4.027031662368042e-08,0.0012511107074043171,0.0012332015669048405,1.7909141344381604e-05,3.147397471332235e-08,1.25e-05,1.875e-05,0.01,0.02,0.0,nan
1761494061,18,9899,val_end,nan,0.0011421695817261934,0.0011230462696403265,9.561634897181648e-07,nan,1.25e-05,1.875e-05,0.01,0.02,nan,0.0
1761494061,18,9899,val_end,nan,0.0011421695817261934,0.0011230462696403265,9.561634897181648e-07,nan,1.25e-05,1.875e-05,0.01,0.02,nan,0.0
1761494063,19,9900,train,0.0,0.001163254026323557,0.0011434555053710938,1.9798528228420764e-05,3.146251614793982e-08,1.25e-05,1.875e-05,0.01,0.02,0.0,nan
1761494063,19,9900,train,0.0,0.001163254026323557,0.0011434555053710938,1.9798528228420764e-05,3.146251614793982e-08,1.25e-05,1.875e-05,0.01,0.02,0.0,nan
1761494117,19,10000,train,-1.430511474609375e-06,0.000987617066130042,0.00096893310546875,1.8684015230974182e-05,3.465470044261565e-08,1.25e-05,1.875e-05,0.01,0.02,0.0,nan
1761494126,19,10000,train,-1.430511474609375e-06,0.000987617066130042,0.00096893310546875,1.8684015230974182e-05,3.465470044261565e-08,1.25e-05,1.875e-05,0.01,0.02,0.0,nan
1761494145,19,10000,train,-1.430511474609375e-06,0.000987617066130042,0.00096893310546875,1.8684015230974182e-05,3.465470044261565e-08,1.25e-05,1.875e-05,0.01,0.02,0.0,nan
1761494146,19,10000,train,-1.430511474609375e-06,0.000987617066130042,0.00096893310546875,1.8684015230974182e-05,3.465470044261565e-08,1.25e-05,1.875e-05,0.01,0.02,0.0,nan
1761494196,19,10100,train,0.0,0.0008446116116829216,0.0008301734924316406,1.4438144717132673e-05,2.5498959388414733e-08,1.25e-05,1.875e-05,0.01,0.02,0.0,nan
1761494205,19,10100,train,0.0,0.0008446116116829216,0.0008301734924316406,1.4438144717132673e-05,2.5498959388414733e-08,1.25e-05,1.875e-05,0.01,0.02,0.0,nan
1761494224,19,10100,train,0.0,0.0008446116116829216,0.0008301734924316406,1.4438144717132673e-05,2.5498959388414733e-08,1.25e-05,1.875e-05,0.01,0.02,0.0,nan
1761494225,19,10100,train,0.0,0.0008446116116829216,0.0008301734924316406,1.4438144717132673e-05,2.5498959388414733e-08,1.25e-05,1.875e-05,0.01,0.02,0.0,nan
1761494274,19,10200,train,-9.5367431640625e-07,0.0009432411170564592,0.0009245872497558594,1.8653843653737567e-05,3.555621574946599e-08,1.25e-05,1.875e-05,0.01,0.02,0.0,nan
1761494283,19,10200,train,-9.5367431640625e-07,0.0009432411170564592,0.0009245872497558594,1.8653843653737567e-05,3.555621574946599e-08,1.25e-05,1.875e-05,0.01,0.02,0.0,nan
1761494302,19,10200,train,-9.5367431640625e-07,0.0009432411170564592,0.0009245872497558594,1.8653843653737567e-05,3.555621574946599e-08,1.25e-05,1.875e-05,0.01,0.02,0.0,nan
1761494304,19,10200,train,-9.5367431640625e-07,0.0009432411170564592,0.0009245872497558594,1.8653843653737567e-05,3.555621574946599e-08,1.25e-05,1.875e-05,0.01,0.02,0.0,nan
1761494355,19,10300,train,9.5367431640625e-07,0.0009149026009254158,0.000896453857421875,1.844873077061493e-05,3.474361776056867e-08,1.25e-05,1.875e-05,0.01,0.02,0.0,nan
1761494364,19,10300,train,9.5367431640625e-07,0.0009149026009254158,0.000896453857421875,1.844873077061493e-05,3.474361776056867e-08,1.25e-05,1.875e-05,0.01,0.02,0.0,nan
1761494383,19,10300,train,9.5367431640625e-07,0.0009149026009254158,0.000896453857421875,1.844873077061493e-05,3.474361776056867e-08,1.25e-05,1.875e-05,0.01,0.02,0.0,nan
1761494385,19,10300,train,9.5367431640625e-07,0.0009149026009254158,0.000896453857421875,1.844873077061493e-05,3.474361776056867e-08,1.25e-05,1.875e-05,0.01,0.02,0.0,nan
1761494435,19,10400,train,0.0,0.0010682155843824148,0.0010509490966796875,1.7266500435653143e-05,3.0503557013616955e-08,1.25e-05,1.875e-05,0.01,0.02,0.0,nan
1761494443,19,10400,train,0.0,0.0010682155843824148,0.0010509490966796875,1.7266500435653143e-05,3.0503557013616955e-08,1.25e-05,1.875e-05,0.01,0.02,0.0,nan
1761494449,19,10420,epoch,2.471133065544026e-08,0.000996482646586141,0.0009790766490855739,1.7405997470890787e-05,3.183401784789073e-08,1.25e-05,1.875e-05,0.01,0.02,0.0,nan
1761494454,19,10420,val_end,nan,0.0010213295463472605,0.0010045196395367384,8.404940672335215e-07,nan,1.25e-05,1.875e-05,0.01,0.02,nan,0.0
1761494457,19,10420,epoch,2.471133065544026e-08,0.000996482646586141,0.0009790766490855739,1.7405997470890787e-05,3.183401784789073e-08,1.25e-05,1.875e-05,0.01,0.02,0.0,nan
1761494461,19,10420,val_end,nan,0.0010213295463472605,0.0010045196395367384,8.404940672335215e-07,nan,1.25e-05,1.875e-05,0.01,0.02,nan,0.0
1761494461,19,10400,train,0.0,0.0010682155843824148,0.0010509490966796875,1.7266500435653143e-05,3.0503557013616955e-08,1.25e-05,1.875e-05,0.01,0.02,0.0,nan
1761494463,19,10400,train,0.0,0.0010682155843824148,0.0010509490966796875,1.7266500435653143e-05,3.0503557013616955e-08,1.25e-05,1.875e-05,0.01,0.02,0.0,nan
1761494475,19,10420,epoch,2.471133065544026e-08,0.000996482646586141,0.0009790766490855739,1.7405997470890787e-05,3.183401784789073e-08,1.25e-05,1.875e-05,0.01,0.02,0.0,nan
1761494477,19,10420,epoch,2.471133065544026e-08,0.000996482646586141,0.0009790766490855739,1.7405997470890787e-05,3.183401784789073e-08,1.25e-05,1.875e-05,0.01,0.02,0.0,nan
1761494479,19,10420,val_end,nan,0.0010213295463472605,0.0010045196395367384,8.404940672335215e-07,nan,1.25e-05,1.875e-05,0.01,0.02,nan,0.0
1761494481,19,10420,val_end,nan,0.0010213295463472605,0.0010045196395367384,8.404940672335215e-07,nan,1.25e-05,1.875e-05,0.01,0.02,nan,0.0
1761494515,20,10500,train,-4.76837158203125e-07,0.000932013732381165,0.000919342041015625,1.2671673175645992e-05,2.80424412579805e-08,6.25e-06,9.375e-06,0.01,0.02,0.0,nan
1761494517,20,10500,val,nan,0.0009210659191012383,0.0009065159829333425,7.274981612681586e-07,nan,6.25e-06,9.375e-06,0.01,0.02,nan,0.0
1761494523,20,10500,train,-4.76837158203125e-07,0.000932013732381165,0.000919342041015625,1.2671673175645992e-05,2.80424412579805e-08,6.25e-06,9.375e-06,0.01,0.02,0.0,nan
1761494525,20,10500,val,nan,0.0009210659191012383,0.0009065159829333425,7.274981612681586e-07,nan,6.25e-06,9.375e-06,0.01,0.02,nan,0.0
1761494543,20,10500,train,-4.76837158203125e-07,0.000932013732381165,0.000919342041015625,1.2671673175645992e-05,2.80424412579805e-08,6.25e-06,9.375e-06,0.01,0.02,0.0,nan
1761494545,20,10500,train,-4.76837158203125e-07,0.000932013732381165,0.000919342041015625,1.2671673175645992e-05,2.80424412579805e-08,6.25e-06,9.375e-06,0.01,0.02,0.0,nan
1761494545,20,10500,val,nan,0.0009210659191012383,0.0009065159829333425,7.274981612681586e-07,nan,6.25e-06,9.375e-06,0.01,0.02,nan,0.0
1761494547,20,10500,val,nan,0.0009210659191012383,0.0009065159829333425,7.274981612681586e-07,nan,6.25e-06,9.375e-06,0.01,0.02,nan,0.0
1761494599,20,10600,train,-1.9073486328125e-06,0.0009437118424102664,0.0009288787841796875,1.4833047316642478e-05,3.284841909589886e-08,6.25e-06,9.375e-06,0.01,0.02,0.0,nan
1761494605,20,10600,train,-1.9073486328125e-06,0.0009437118424102664,0.0009288787841796875,1.4833047316642478e-05,3.284841909589886e-08,6.25e-06,9.375e-06,0.01,0.02,0.0,nan
1761494625,20,10600,train,-1.9073486328125e-06,0.0009437118424102664,0.0009288787841796875,1.4833047316642478e-05,3.284841909589886e-08,6.25e-06,9.375e-06,0.01,0.02,0.0,nan
1761494628,20,10600,train,-1.9073486328125e-06,0.0009437118424102664,0.0009288787841796875,1.4833047316642478e-05,3.284841909589886e-08,6.25e-06,9.375e-06,0.01,0.02,0.0,nan
1761494675,20,10700,train,3.337860107421875e-06,0.000878447201102972,0.0008640289306640625,1.4418283171835355e-05,3.492701239338203e-08,6.25e-06,9.375e-06,0.01,0.02,0.0,nan
1761494681,20,10700,train,3.337860107421875e-06,0.000878447201102972,0.0008640289306640625,1.4418283171835355e-05,3.492701239338203e-08,6.25e-06,9.375e-06,0.01,0.02,0.0,nan
1761494701,20,10700,train,3.337860107421875e-06,0.000878447201102972,0.0008640289306640625,1.4418283171835355e-05,3.492701239338203e-08,6.25e-06,9.375e-06,0.01,0.02,0.0,nan
1761494704,20,10700,train,3.337860107421875e-06,0.000878447201102972,0.0008640289306640625,1.4418283171835355e-05,3.492701239338203e-08,6.25e-06,9.375e-06,0.01,0.02,0.0,nan
1761494754,20,10800,train,-4.76837158203125e-07,0.0008010724559426308,0.0007863044738769531,1.476795478083659e-05,3.440160156742422e-08,6.25e-06,9.375e-06,0.01,0.02,0.0,nan
1761494760,20,10800,train,-4.76837158203125e-07,0.0008010724559426308,0.0007863044738769531,1.476795478083659e-05,3.440160156742422e-08,6.25e-06,9.375e-06,0.01,0.02,0.0,nan
1761494780,20,10800,train,-4.76837158203125e-07,0.0008010724559426308,0.0007863044738769531,1.476795478083659e-05,3.440160156742422e-08,6.25e-06,9.375e-06,0.01,0.02,0.0,nan
1761494783,20,10800,train,-4.76837158203125e-07,0.0008010724559426308,0.0007863044738769531,1.476795478083659e-05,3.440160156742422e-08,6.25e-06,9.375e-06,0.01,0.02,0.0,nan
1761494833,20,10900,train,-9.5367431640625e-07,0.0008587615448050201,0.0008454322814941406,1.3329267858352978e-05,3.36049907900815e-08,6.25e-06,9.375e-06,0.01,0.02,0.0,nan
1761494838,20,10900,train,-9.5367431640625e-07,0.0008587615448050201,0.0008454322814941406,1.3329267858352978e-05,3.36049907900815e-08,6.25e-06,9.375e-06,0.01,0.02,0.0,nan
1761494858,20,10900,train,-9.5367431640625e-07,0.0008587615448050201,0.0008454322814941406,1.3329267858352978e-05,3.36049907900815e-08,6.25e-06,9.375e-06,0.01,0.02,0.0,nan
1761494861,20,10900,train,-9.5367431640625e-07,0.0008587615448050201,0.0008454322814941406,1.3329267858352978e-05,3.36049907900815e-08,6.25e-06,9.375e-06,0.01,0.02,0.0,nan
1761494864,20,10941,epoch,1.1898048093360124e-08,0.0008974837579660747,0.0008841723260861212,1.3311431092655776e-05,3.0194908616522735e-08,6.25e-06,9.375e-06,0.01,0.02,0.0,nan
1761494868,20,10941,val_end,nan,0.000789213867392391,0.0007734826649539173,7.86558928211889e-07,nan,6.25e-06,9.375e-06,0.01,0.02,nan,0.0
1761494868,20,10941,epoch,1.1898048093360124e-08,0.0008974837579660747,0.0008841723260861212,1.3311431092655776e-05,3.0194908616522735e-08,6.25e-06,9.375e-06,0.01,0.02,0.0,nan
1761494872,20,10941,val_end,nan,0.000789213867392391,0.0007734826649539173,7.86558928211889e-07,nan,6.25e-06,9.375e-06,0.01,0.02,nan,0.0
1761494888,20,10941,epoch,1.1898048093360124e-08,0.0008974837579660747,0.0008841723260861212,1.3311431092655776e-05,3.0194908616522735e-08,6.25e-06,9.375e-06,0.01,0.02,0.0,nan
1761494890,20,10941,epoch,1.1898048093360124e-08,0.0008974837579660747,0.0008841723260861212,1.3311431092655776e-05,3.0194908616522735e-08,6.25e-06,9.375e-06,0.01,0.02,0.0,nan
1761494892,20,10941,val_end,nan,0.000789213867392391,0.0007734826649539173,7.86558928211889e-07,nan,6.25e-06,9.375e-06,0.01,0.02,nan,0.0
1761494894,20,10941,val_end,nan,0.000789213867392391,0.0007734826649539173,7.86558928211889e-07,nan,6.25e-06,9.375e-06,0.01,0.02,nan,0.0
1761494916,21,11000,train,-1.430511474609375e-06,0.0007903430378064513,0.0007791519165039062,1.1191108569619246e-05,1.892029288796948e-08,6.25e-06,9.375e-06,0.01,0.02,0.0,nan
1761494922,21,11000,train,-1.430511474609375e-06,0.0007903430378064513,0.0007791519165039062,1.1191108569619246e-05,1.892029288796948e-08,6.25e-06,9.375e-06,0.01,0.02,0.0,nan
1761494942,21,11000,train,-1.430511474609375e-06,0.0007903430378064513,0.0007791519165039062,1.1191108569619246e-05,1.892029288796948e-08,6.25e-06,9.375e-06,0.01,0.02,0.0,nan
1761494944,21,11000,train,-1.430511474609375e-06,0.0007903430378064513,0.0007791519165039062,1.1191108569619246e-05,1.892029288796948e-08,6.25e-06,9.375e-06,0.01,0.02,0.0,nan
1761494997,21,11100,train,4.76837158203125e-07,0.0007863027276471257,0.0007700920104980469,1.6210689864237793e-05,3.4686966188246515e-08,6.25e-06,9.375e-06,0.01,0.02,0.0,nan
1761495002,21,11100,train,4.76837158203125e-07,0.0007863027276471257,0.0007700920104980469,1.6210689864237793e-05,3.4686966188246515e-08,6.25e-06,9.375e-06,0.01,0.02,0.0,nan
1761495023,21,11100,train,4.76837158203125e-07,0.0007863027276471257,0.0007700920104980469,1.6210689864237793e-05,3.4686966188246515e-08,6.25e-06,9.375e-06,0.01,0.02,0.0,nan
1761495025,21,11100,train,4.76837158203125e-07,0.0007863027276471257,0.0007700920104980469,1.6210689864237793e-05,3.4686966188246515e-08,6.25e-06,9.375e-06,0.01,0.02,0.0,nan
1761495075,21,11200,train,-4.76837158203125e-07,0.0008496112423017621,0.0008344650268554688,1.5146234545682091e-05,3.1874321848590625e-08,6.25e-06,9.375e-06,0.01,0.02,0.0,nan
1761495080,21,11200,train,-4.76837158203125e-07,0.0008496112423017621,0.0008344650268554688,1.5146234545682091e-05,3.1874321848590625e-08,6.25e-06,9.375e-06,0.01,0.02,0.0,nan
1761495100,21,11200,train,-4.76837158203125e-07,0.0008496112423017621,0.0008344650268554688,1.5146234545682091e-05,3.1874321848590625e-08,6.25e-06,9.375e-06,0.01,0.02,0.0,nan
1761495102,21,11200,train,-4.76837158203125e-07,0.0008496112423017621,0.0008344650268554688,1.5146234545682091e-05,3.1874321848590625e-08,6.25e-06,9.375e-06,0.01,0.02,0.0,nan
1761495151,21,11300,train,0.0,0.0010795205598697066,0.0010671615600585938,1.2359016182017513e-05,2.27796839169514e-08,6.25e-06,9.375e-06,0.01,0.02,0.0,nan
1761495157,21,11300,train,0.0,0.0010795205598697066,0.0010671615600585938,1.2359016182017513e-05,2.27796839169514e-08,6.25e-06,9.375e-06,0.01,0.02,0.0,nan
1761495176,21,11300,train,0.0,0.0010795205598697066,0.0010671615600585938,1.2359016182017513e-05,2.27796839169514e-08,6.25e-06,9.375e-06,0.01,0.02,0.0,nan
1761495178,21,11300,train,0.0,0.0010795205598697066,0.0010671615600585938,1.2359016182017513e-05,2.27796839169514e-08,6.25e-06,9.375e-06,0.01,0.02,0.0,nan
1761495230,21,11400,train,-9.5367431640625e-07,0.0011374400928616524,0.001125335693359375,1.2104436791560147e-05,2.372803109551569e-08,6.25e-06,9.375e-06,0.01,0.02,0.0,nan
1761495235,21,11400,train,-9.5367431640625e-07,0.0011374400928616524,0.001125335693359375,1.2104436791560147e-05,2.372803109551569e-08,6.25e-06,9.375e-06,0.01,0.02,0.0,nan
1761495255,21,11400,train,-9.5367431640625e-07,0.0011374400928616524,0.001125335693359375,1.2104436791560147e-05,2.372803109551569e-08,6.25e-06,9.375e-06,0.01,0.02,0.0,nan
1761495257,21,11400,train,-9.5367431640625e-07,0.0011374400928616524,0.001125335693359375,1.2104436791560147e-05,2.372803109551569e-08,6.25e-06,9.375e-06,0.01,0.02,0.0,nan
1761495280,21,11462,epoch,9.152344687200096e-10,0.0009175435469652064,0.0009044228039410201,1.3120741554331026e-05,2.7456866683439478e-08,6.25e-06,9.375e-06,0.01,0.02,0.0,nan
1761495284,21,11462,val_end,nan,0.0009888216154649854,0.0009762671543285251,6.27725114554778e-07,nan,6.25e-06,9.375e-06,0.01,0.02,nan,0.0
1761495284,21,11462,epoch,9.152344687200096e-10,0.0009175435469652064,0.0009044228039410201,1.3120741554331026e-05,2.7456866683439478e-08,6.25e-06,9.375e-06,0.01,0.02,0.0,nan
1761495288,21,11462,val_end,nan,0.0009888216154649854,0.0009762671543285251,6.27725114554778e-07,nan,6.25e-06,9.375e-06,0.01,0.02,nan,0.0
1761495303,21,11462,epoch,9.152344687200096e-10,0.0009175435469652064,0.0009044228039410201,1.3120741554331026e-05,2.7456866683439478e-08,6.25e-06,9.375e-06,0.01,0.02,0.0,nan
1761495304,21,11462,epoch,9.152344687200096e-10,0.0009175435469652064,0.0009044228039410201,1.3120741554331026e-05,2.7456866683439478e-08,6.25e-06,9.375e-06,0.01,0.02,0.0,nan
1761495306,21,11462,val_end,nan,0.0009888216154649854,0.0009762671543285251,6.27725114554778e-07,nan,6.25e-06,9.375e-06,0.01,0.02,nan,0.0
1761495308,21,11462,val_end,nan,0.0009888216154649854,0.0009762671543285251,6.27725114554778e-07,nan,6.25e-06,9.375e-06,0.01,0.02,nan,0.0
1761495314,22,11500,train,0.0,0.0010131406597793102,0.0010023117065429688,1.0828963240783196e-05,2.539104215770749e-08,3.125e-06,4.6875e-06,0.01,0.02,0.0,nan
1761495319,22,11500,train,0.0,0.0010131406597793102,0.0010023117065429688,1.0828963240783196e-05,2.539104215770749e-08,3.125e-06,4.6875e-06,0.01,0.02,0.0,nan
1761495340,22,11500,train,0.0,0.0010131406597793102,0.0010023117065429688,1.0828963240783196e-05,2.539104215770749e-08,3.125e-06,4.6875e-06,0.01,0.02,0.0,nan
1761495342,22,11500,train,0.0,0.0010131406597793102,0.0010023117065429688,1.0828963240783196e-05,2.539104215770749e-08,3.125e-06,4.6875e-06,0.01,0.02,0.0,nan
1761495396,22,11600,train,1.9073486328125e-06,0.00105893739964813,0.0010471343994140625,1.1802999324572738e-05,2.4380565122328335e-08,3.125e-06,4.6875e-06,0.01,0.02,0.0,nan
1761495401,22,11600,train,1.9073486328125e-06,0.00105893739964813,0.0010471343994140625,1.1802999324572738e-05,2.4380565122328335e-08,3.125e-06,4.6875e-06,0.01,0.02,0.0,nan
1761495421,22,11600,train,1.9073486328125e-06,0.00105893739964813,0.0010471343994140625,1.1802999324572738e-05,2.4380565122328335e-08,3.125e-06,4.6875e-06,0.01,0.02,0.0,nan
1761495423,22,11600,train,1.9073486328125e-06,0.00105893739964813,0.0010471343994140625,1.1802999324572738e-05,2.4380565122328335e-08,3.125e-06,4.6875e-06,0.01,0.02,0.0,nan
1761495474,22,11700,train,-9.5367431640625e-07,0.0010130542796105146,0.0010013580322265625,1.1696301953634247e-05,2.643292518200724e-08,3.125e-06,4.6875e-06,0.01,0.02,0.0,nan
1761495479,22,11700,train,-9.5367431640625e-07,0.0010130542796105146,0.0010013580322265625,1.1696301953634247e-05,2.643292518200724e-08,3.125e-06,4.6875e-06,0.01,0.02,0.0,nan
1761495499,22,11700,train,-9.5367431640625e-07,0.0010130542796105146,0.0010013580322265625,1.1696301953634247e-05,2.643292518200724e-08,3.125e-06,4.6875e-06,0.01,0.02,0.0,nan
1761495501,22,11700,train,-9.5367431640625e-07,0.0010130542796105146,0.0010013580322265625,1.1696301953634247e-05,2.643292518200724e-08,3.125e-06,4.6875e-06,0.01,0.02,0.0,nan
1761495552,22,11800,train,0.0,0.0009998444002121687,0.0009908676147460938,8.97673271538224e-06,1.9296042097494137e-08,3.125e-06,4.6875e-06,0.01,0.02,0.0,nan
1761495558,22,11800,train,0.0,0.0009998444002121687,0.0009908676147460938,8.97673271538224e-06,1.9296042097494137e-08,3.125e-06,4.6875e-06,0.01,0.02,0.0,nan
1761495578,22,11800,train,0.0,0.0009998444002121687,0.0009908676147460938,8.97673271538224e-06,1.9296042097494137e-08,3.125e-06,4.6875e-06,0.01,0.02,0.0,nan
1761495580,22,11800,train,0.0,0.0009998444002121687,0.0009908676147460938,8.97673271538224e-06,1.9296042097494137e-08,3.125e-06,4.6875e-06,0.01,0.02,0.0,nan
1761495631,22,11900,train,0.0,0.0009747665608301759,0.0009646415710449219,1.012500433716923e-05,2.6931878949199017e-08,3.125e-06,4.6875e-06,0.01,0.02,0.0,nan
1761495637,22,11900,train,0.0,0.0009747665608301759,0.0009646415710449219,1.012500433716923e-05,2.6931878949199017e-08,3.125e-06,4.6875e-06,0.01,0.02,0.0,nan
1761495656,22,11900,train,0.0,0.0009747665608301759,0.0009646415710449219,1.012500433716923e-05,2.6931878949199017e-08,3.125e-06,4.6875e-06,0.01,0.02,0.0,nan
1761495658,22,11900,train,0.0,0.0009747665608301759,0.0009646415710449219,1.012500433716923e-05,2.6931878949199017e-08,3.125e-06,4.6875e-06,0.01,0.02,0.0,nan
1761495696,22,11983,epoch,2.6541799592880277e-08,0.0010013814009824365,0.0009902663057001447,1.1115093087982954e-05,2.5392619236972282e-08,3.125e-06,4.6875e-06,0.01,0.02,0.0,nan
1761495700,22,11983,val_end,nan,0.000877726764883846,0.0008655089768581092,6.108902539381234e-07,nan,3.125e-06,4.6875e-06,0.01,0.02,nan,0.0
1761495701,22,11983,epoch,2.6541799592880277e-08,0.0010013814009824365,0.0009902663057001447,1.1115093087982954e-05,2.5392619236972282e-08,3.125e-06,4.6875e-06,0.01,0.02,0.0,nan
1761495705,22,11983,val_end,nan,0.000877726764883846,0.0008655089768581092,6.108902539381234e-07,nan,3.125e-06,4.6875e-06,0.01,0.02,nan,0.0
1761495714,23,12000,train,0.0,0.0008874336490407586,0.0008745193481445312,1.2914298167743254e-05,2.99184108598638e-08,3.125e-06,4.6875e-06,0.01,0.02,0.0,nan
1761495716,23,12000,val,nan,0.0008917730883695185,0.000879618979524821,6.07704635058326e-07,nan,3.125e-06,4.6875e-06,0.01,0.02,nan,0.0
1761495718,22,11983,epoch,2.6541799592880277e-08,0.0010013814009824365,0.0009902663057001447,1.1115093087982954e-05,2.5392619236972282e-08,3.125e-06,4.6875e-06,0.01,0.02,0.0,nan
1761495719,23,12000,train,0.0,0.0008874336490407586,0.0008745193481445312,1.2914298167743254e-05,2.99184108598638e-08,3.125e-06,4.6875e-06,0.01,0.02,0.0,nan
1761495719,22,11983,epoch,2.6541799592880277e-08,0.0010013814009824365,0.0009902663057001447,1.1115093087982954e-05,2.5392619236972282e-08,3.125e-06,4.6875e-06,0.01,0.02,0.0,nan
1761495721,23,12000,val,nan,0.0008917730883695185,0.000879618979524821,6.07704635058326e-07,nan,3.125e-06,4.6875e-06,0.01,0.02,nan,0.0
1761495721,22,11983,val_end,nan,0.000877726764883846,0.0008655089768581092,6.108902539381234e-07,nan,3.125e-06,4.6875e-06,0.01,0.02,nan,0.0
1761495724,22,11983,val_end,nan,0.000877726764883846,0.0008655089768581092,6.108902539381234e-07,nan,3.125e-06,4.6875e-06,0.01,0.02,nan,0.0
1761495736,23,12000,train,0.0,0.0008874336490407586,0.0008745193481445312,1.2914298167743254e-05,2.99184108598638e-08,3.125e-06,4.6875e-06,0.01,0.02,0.0,nan
1761495738,23,12000,train,0.0,0.0008874336490407586,0.0008745193481445312,1.2914298167743254e-05,2.99184108598638e-08,3.125e-06,4.6875e-06,0.01,0.02,0.0,nan
1761495738,23,12000,val,nan,0.0008917730883695185,0.000879618979524821,6.07704635058326e-07,nan,3.125e-06,4.6875e-06,0.01,0.02,nan,0.0
1761495740,23,12000,val,nan,0.0008917730883695185,0.000879618979524821,6.07704635058326e-07,nan,3.125e-06,4.6875e-06,0.01,0.02,nan,0.0
1761495793,23,12100,train,-4.76837158203125e-07,0.0009390940540470183,0.0009264945983886719,1.2599444744409993e-05,2.5957771043749744e-08,3.125e-06,4.6875e-06,0.01,0.02,0.0,nan
1761495801,23,12100,train,-4.76837158203125e-07,0.0009390940540470183,0.0009264945983886719,1.2599444744409993e-05,2.5957771043749744e-08,3.125e-06,4.6875e-06,0.01,0.02,0.0,nan
1761495819,23,12100,train,-4.76837158203125e-07,0.0009390940540470183,0.0009264945983886719,1.2599444744409993e-05,2.5957771043749744e-08,3.125e-06,4.6875e-06,0.01,0.02,0.0,nan
1761495822,23,12100,train,-4.76837158203125e-07,0.0009390940540470183,0.0009264945983886719,1.2599444744409993e-05,2.5957771043749744e-08,3.125e-06,4.6875e-06,0.01,0.02,0.0,nan
1761495874,23,12200,train,9.5367431640625e-07,0.0009920760057866573,0.0009851455688476562,6.93037873134017e-06,1.2724750142467656e-08,3.125e-06,4.6875e-06,0.01,0.02,0.0,nan
1761495881,23,12200,train,9.5367431640625e-07,0.0009920760057866573,0.0009851455688476562,6.93037873134017e-06,1.2724750142467656e-08,3.125e-06,4.6875e-06,0.01,0.02,0.0,nan
1761495899,23,12200,train,9.5367431640625e-07,0.0009920760057866573,0.0009851455688476562,6.93037873134017e-06,1.2724750142467656e-08,3.125e-06,4.6875e-06,0.01,0.02,0.0,nan
1761495902,23,12200,train,9.5367431640625e-07,0.0009920760057866573,0.0009851455688476562,6.93037873134017e-06,1.2724750142467656e-08,3.125e-06,4.6875e-06,0.01,0.02,0.0,nan
1761495953,23,12300,train,-9.5367431640625e-07,0.0009417111286893487,0.0009317398071289062,9.971347026294097e-06,2.0133795075594207e-08,3.125e-06,4.6875e-06,0.01,0.02,0.0,nan
1761495959,23,12300,train,-9.5367431640625e-07,0.0009417111286893487,0.0009317398071289062,9.971347026294097e-06,2.0133795075594207e-08,3.125e-06,4.6875e-06,0.01,0.02,0.0,nan
1761495978,23,12300,train,-9.5367431640625e-07,0.0009417111286893487,0.0009317398071289062,9.971347026294097e-06,2.0133795075594207e-08,3.125e-06,4.6875e-06,0.01,0.02,0.0,nan
1761495980,23,12300,train,-9.5367431640625e-07,0.0009417111286893487,0.0009317398071289062,9.971347026294097e-06,2.0133795075594207e-08,3.125e-06,4.6875e-06,0.01,0.02,0.0,nan
1761496031,23,12400,train,-4.76837158203125e-07,0.0009290605084970593,0.0009174346923828125,1.162580338132102e-05,2.6193772484361943e-08,3.125e-06,4.6875e-06,0.01,0.02,0.0,nan
1761496037,23,12400,train,-4.76837158203125e-07,0.0009290605084970593,0.0009174346923828125,1.162580338132102e-05,2.6193772484361943e-08,3.125e-06,4.6875e-06,0.01,0.02,0.0,nan
1761496056,23,12400,train,-4.76837158203125e-07,0.0009290605084970593,0.0009174346923828125,1.162580338132102e-05,2.6193772484361943e-08,3.125e-06,4.6875e-06,0.01,0.02,0.0,nan
1761496058,23,12400,train,-4.76837158203125e-07,0.0009290605084970593,0.0009174346923828125,1.162580338132102e-05,2.6193772484361943e-08,3.125e-06,4.6875e-06,0.01,0.02,0.0,nan
1761496111,23,12500,train,-1.430511474609375e-06,0.000938232580665499,0.0009284019470214844,9.830648195929825e-06,2.447914759784453e-08,3.125e-06,4.6875e-06,0.01,0.02,0.0,nan
1761496112,23,12504,epoch,-7.047305409144074e-08,0.0009404361135623062,0.0009294791779911678,1.0956936035486923e-05,2.516348187785351e-08,3.125e-06,4.6875e-06,0.01,0.02,0.0,nan
1761496116,23,12500,train,-1.430511474609375e-06,0.000938232580665499,0.0009284019470214844,9.830648195929825e-06,2.447914759784453e-08,3.125e-06,4.6875e-06,0.01,0.02,0.0,nan
1761496117,23,12504,val_end,nan,0.0009084651828743517,0.000896782788913697,5.841186521138297e-07,nan,3.125e-06,4.6875e-06,0.01,0.02,nan,0.0
1761496118,23,12504,epoch,-7.047305409144074e-08,0.0009404361135623062,0.0009294791779911678,1.0956936035486923e-05,2.516348187785351e-08,3.125e-06,4.6875e-06,0.01,0.02,0.0,nan
1761496122,23,12504,val_end,nan,0.0009084651828743517,0.000896782788913697,5.841186521138297e-07,nan,3.125e-06,4.6875e-06,0.01,0.02,nan,0.0
1761496133,23,12500,train,-1.430511474609375e-06,0.000938232580665499,0.0009284019470214844,9.830648195929825e-06,2.447914759784453e-08,3.125e-06,4.6875e-06,0.01,0.02,0.0,nan
1761496135,23,12504,epoch,-7.047305409144074e-08,0.0009404361135623062,0.0009294791779911678,1.0956936035486923e-05,2.516348187785351e-08,3.125e-06,4.6875e-06,0.01,0.02,0.0,nan
1761496136,23,12500,train,-1.430511474609375e-06,0.000938232580665499,0.0009284019470214844,9.830648195929825e-06,2.447914759784453e-08,3.125e-06,4.6875e-06,0.01,0.02,0.0,nan
1761496138,23,12504,epoch,-7.047305409144074e-08,0.0009404361135623062,0.0009294791779911678,1.0956936035486923e-05,2.516348187785351e-08,3.125e-06,4.6875e-06,0.01,0.02,0.0,nan
1761496139,23,12504,val_end,nan,0.0009084651828743517,0.000896782788913697,5.841186521138297e-07,nan,3.125e-06,4.6875e-06,0.01,0.02,nan,0.0
1761496142,23,12504,val_end,nan,0.0009084651828743517,0.000896782788913697,5.841186521138297e-07,nan,3.125e-06,4.6875e-06,0.01,0.02,nan,0.0
1761496189,24,12600,train,0.0,0.0009160646004602313,0.0009055137634277344,1.0550848855928052e-05,2.5272333559200888e-08,1.5625e-06,2.34375e-06,0.01,0.02,0.0,nan
1761496196,24,12600,train,0.0,0.0009160646004602313,0.0009055137634277344,1.0550848855928052e-05,2.5272333559200888e-08,1.5625e-06,2.34375e-06,0.01,0.02,0.0,nan
1761496215,24,12600,train,0.0,0.0009160646004602313,0.0009055137634277344,1.0550848855928052e-05,2.5272333559200888e-08,1.5625e-06,2.34375e-06,0.01,0.02,0.0,nan
1761496218,24,12600,train,0.0,0.0009160646004602313,0.0009055137634277344,1.0550848855928052e-05,2.5272333559200888e-08,1.5625e-06,2.34375e-06,0.01,0.02,0.0,nan
1761496270,24,12700,train,-4.76837158203125e-07,0.0009531143005006015,0.0009446144104003906,8.499899195157923e-06,2.187510972362361e-08,1.5625e-06,2.34375e-06,0.01,0.02,0.0,nan
1761496277,24,12700,train,-4.76837158203125e-07,0.0009531143005006015,0.0009446144104003906,8.499899195157923e-06,2.187510972362361e-08,1.5625e-06,2.34375e-06,0.01,0.02,0.0,nan
1761496296,24,12700,train,-4.76837158203125e-07,0.0009531143005006015,0.0009446144104003906,8.499899195157923e-06,2.187510972362361e-08,1.5625e-06,2.34375e-06,0.01,0.02,0.0,nan
1761496299,24,12700,train,-4.76837158203125e-07,0.0009531143005006015,0.0009446144104003906,8.499899195157923e-06,2.187510972362361e-08,1.5625e-06,2.34375e-06,0.01,0.02,0.0,nan
1761496348,24,12800,train,-1.430511474609375e-06,0.0009399488917551935,0.0009284019470214844,1.1546963833097834e-05,2.9059538775300098e-08,1.5625e-06,2.34375e-06,0.01,0.02,0.0,nan
1761496355,24,12800,train,-1.430511474609375e-06,0.0009399488917551935,0.0009284019470214844,1.1546963833097834e-05,2.9059538775300098e-08,1.5625e-06,2.34375e-06,0.01,0.02,0.0,nan
1761496374,24,12800,train,-1.430511474609375e-06,0.0009399488917551935,0.0009284019470214844,1.1546963833097834e-05,2.9059538775300098e-08,1.5625e-06,2.34375e-06,0.01,0.02,0.0,nan
1761496377,24,12800,train,-1.430511474609375e-06,0.0009399488917551935,0.0009284019470214844,1.1546963833097834e-05,2.9059538775300098e-08,1.5625e-06,2.34375e-06,0.01,0.02,0.0,nan
1761496427,24,12900,train,9.5367431640625e-07,0.0009522147593088448,0.0009431838989257812,9.030865840031765e-06,2.095895723641661e-08,1.5625e-06,2.34375e-06,0.01,0.02,0.0,nan
1761496433,24,12900,train,9.5367431640625e-07,0.0009522147593088448,0.0009431838989257812,9.030865840031765e-06,2.095895723641661e-08,1.5625e-06,2.34375e-06,0.01,0.02,0.0,nan
1761496452,24,12900,train,9.5367431640625e-07,0.0009522147593088448,0.0009431838989257812,9.030865840031765e-06,2.095895723641661e-08,1.5625e-06,2.34375e-06,0.01,0.02,0.0,nan
1761496455,24,12900,train,9.5367431640625e-07,0.0009522147593088448,0.0009431838989257812,9.030865840031765e-06,2.095895723641661e-08,1.5625e-06,2.34375e-06,0.01,0.02,0.0,nan
1761496506,24,13000,train,4.76837158203125e-07,0.0009607892134226859,0.0009503364562988281,1.045275348587893e-05,2.4399318121481883e-08,1.5625e-06,2.34375e-06,0.01,0.02,0.0,nan
1761496513,24,13000,train,4.76837158203125e-07,0.0009607892134226859,0.0009503364562988281,1.045275348587893e-05,2.4399318121481883e-08,1.5625e-06,2.34375e-06,0.01,0.02,0.0,nan
1761496527,24,13025,epoch,-3.8439847686240405e-08,0.0009454797863765422,0.0009353851860178181,1.0094600751500102e-05,2.51825339391257e-08,1.5625e-06,2.34375e-06,0.01,0.02,0.0,nan
1761496531,24,13025,val_end,nan,0.0009440172580070794,0.0009330048924311996,5.506173579306051e-07,nan,1.5625e-06,2.34375e-06,0.01,0.02,nan,0.0
1761496532,24,13000,train,4.76837158203125e-07,0.0009607892134226859,0.0009503364562988281,1.045275348587893e-05,2.4399318121481883e-08,1.5625e-06,2.34375e-06,0.01,0.02,0.0,nan
1761496532,24,13025,epoch,-3.8439847686240405e-08,0.0009454797863765422,0.0009353851860178181,1.0094600751500102e-05,2.51825339391257e-08,1.5625e-06,2.34375e-06,0.01,0.02,0.0,nan
1761496534,24,13000,train,4.76837158203125e-07,0.0009607892134226859,0.0009503364562988281,1.045275348587893e-05,2.4399318121481883e-08,1.5625e-06,2.34375e-06,0.01,0.02,0.0,nan
1761496536,24,13025,val_end,nan,0.0009440172580070794,0.0009330048924311996,5.506173579306051e-07,nan,1.5625e-06,2.34375e-06,0.01,0.02,nan,0.0
1761496551,24,13025,epoch,-3.8439847686240405e-08,0.0009454797863765422,0.0009353851860178181,1.0094600751500102e-05,2.51825339391257e-08,1.5625e-06,2.34375e-06,0.01,0.02,0.0,nan
1761496553,24,13025,epoch,-3.8439847686240405e-08,0.0009454797863765422,0.0009353851860178181,1.0094600751500102e-05,2.51825339391257e-08,1.5625e-06,2.34375e-06,0.01,0.02,0.0,nan
1761496555,24,13025,val_end,nan,0.0009440172580070794,0.0009330048924311996,5.506173579306051e-07,nan,1.5625e-06,2.34375e-06,0.01,0.02,nan,0.0
1761496557,24,13025,val_end,nan,0.0009440172580070794,0.0009330048924311996,5.506173579306051e-07,nan,1.5625e-06,2.34375e-06,0.01,0.02,nan,0.0
1761496588,25,13100,train,9.5367431640625e-07,0.0009673334425315261,0.0009565353393554688,1.0798077710205689e-05,3.02434912669014e-08,1.5625e-06,2.34375e-06,0.01,0.02,0.0,nan
1761496595,25,13100,train,9.5367431640625e-07,0.0009673334425315261,0.0009565353393554688,1.0798077710205689e-05,3.02434912669014e-08,1.5625e-06,2.34375e-06,0.01,0.02,0.0,nan
1761496616,25,13100,train,9.5367431640625e-07,0.0009673334425315261,0.0009565353393554688,1.0798077710205689e-05,3.02434912669014e-08,1.5625e-06,2.34375e-06,0.01,0.02,0.0,nan
1761496618,25,13100,train,9.5367431640625e-07,0.0009673334425315261,0.0009565353393554688,1.0798077710205689e-05,3.02434912669014e-08,1.5625e-06,2.34375e-06,0.01,0.02,0.0,nan
1761496666,25,13200,train,0.0,0.0009830082999542356,0.000972747802734375,1.0260472663503606e-05,2.438674151505893e-08,1.5625e-06,2.34375e-06,0.01,0.02,0.0,nan
1761496673,25,13200,train,0.0,0.0009830082999542356,0.000972747802734375,1.0260472663503606e-05,2.438674151505893e-08,1.5625e-06,2.34375e-06,0.01,0.02,0.0,nan
1761496694,25,13200,train,0.0,0.0009830082999542356,0.000972747802734375,1.0260472663503606e-05,2.438674151505893e-08,1.5625e-06,2.34375e-06,0.01,0.02,0.0,nan
1761496696,25,13200,train,0.0,0.0009830082999542356,0.000972747802734375,1.0260472663503606e-05,2.438674151505893e-08,1.5625e-06,2.34375e-06,0.01,0.02,0.0,nan
1761496743,25,13300,train,-9.5367431640625e-07,0.0009925835765898228,0.0009822845458984375,1.0299014320480637e-05,2.55527261572297e-08,1.5625e-06,2.34375e-06,0.01,0.02,0.0,nan
1761496750,25,13300,train,-9.5367431640625e-07,0.0009925835765898228,0.0009822845458984375,1.0299014320480637e-05,2.55527261572297e-08,1.5625e-06,2.34375e-06,0.01,0.02,0.0,nan
1761496772,25,13300,train,-9.5367431640625e-07,0.0009925835765898228,0.0009822845458984375,1.0299014320480637e-05,2.55527261572297e-08,1.5625e-06,2.34375e-06,0.01,0.02,0.0,nan
1761496774,25,13300,train,-9.5367431640625e-07,0.0009925835765898228,0.0009822845458984375,1.0299014320480637e-05,2.55527261572297e-08,1.5625e-06,2.34375e-06,0.01,0.02,0.0,nan
1761496823,25,13400,train,9.5367431640625e-07,0.0009944839403033257,0.0009860992431640625,8.384724424104206e-06,2.3026563766848085e-08,1.5625e-06,2.34375e-06,0.01,0.02,0.0,nan
1761496829,25,13400,train,9.5367431640625e-07,0.0009944839403033257,0.0009860992431640625,8.384724424104206e-06,2.3026563766848085e-08,1.5625e-06,2.34375e-06,0.01,0.02,0.0,nan
1761496852,25,13400,train,9.5367431640625e-07,0.0009944839403033257,0.0009860992431640625,8.384724424104206e-06,2.3026563766848085e-08,1.5625e-06,2.34375e-06,0.01,0.02,0.0,nan
1761496854,25,13400,train,9.5367431640625e-07,0.0009944839403033257,0.0009860992431640625,8.384724424104206e-06,2.3026563766848085e-08,1.5625e-06,2.34375e-06,0.01,0.02,0.0,nan
1761496904,25,13500,train,4.76837158203125e-07,0.0009785461006686091,0.00096893310546875,9.613003385311458e-06,2.3151454087155798e-08,1.5625e-06,2.34375e-06,0.01,0.02,0.0,nan
1761496906,25,13500,val,nan,0.0009527405491098762,0.00094178959261626,5.475470175042574e-07,nan,1.5625e-06,2.34375e-06,0.01,0.02,nan,0.0
1761496910,25,13500,train,4.76837158203125e-07,0.0009785461006686091,0.00096893310546875,9.613003385311458e-06,2.3151454087155798e-08,1.5625e-06,2.34375e-06,0.01,0.02,0.0,nan
1761496912,25,13500,val,nan,0.0009527405491098762,0.00094178959261626,5.475470175042574e-07,nan,1.5625e-06,2.34375e-06,0.01,0.02,nan,0.0
1761496933,25,13500,train,4.76837158203125e-07,0.0009785461006686091,0.00096893310546875,9.613003385311458e-06,2.3151454087155798e-08,1.5625e-06,2.34375e-06,0.01,0.02,0.0,nan
1761496934,25,13500,train,4.76837158203125e-07,0.0009785461006686091,0.00096893310546875,9.613003385311458e-06,2.3151454087155798e-08,1.5625e-06,2.34375e-06,0.01,0.02,0.0,nan
1761496935,25,13500,val,nan,0.0009527405491098762,0.00094178959261626,5.475470175042574e-07,nan,1.5625e-06,2.34375e-06,0.01,0.02,nan,0.0
1761496936,25,13500,val,nan,0.0009527405491098762,0.00094178959261626,5.475470175042574e-07,nan,1.5625e-06,2.34375e-06,0.01,0.02,nan,0.0
1761496942,25,13546,epoch,-1.7389454905680182e-08,0.0009777896550230167,0.0009678366545752235,9.952999268592376e-06,2.4642748431300802e-08,1.5625e-06,2.34375e-06,0.01,0.02,0.0,nan
1761496946,25,13546,val_end,nan,0.0009656233014538884,0.0009547350346110761,5.444146040645137e-07,nan,1.5625e-06,2.34375e-06,0.01,0.02,nan,0.0
1761496948,25,13546,epoch,-1.7389454905680182e-08,0.0009777896550230167,0.0009678366545752235,9.952999268592376e-06,2.4642748431300802e-08,1.5625e-06,2.34375e-06,0.01,0.02,0.0,nan
1761496952,25,13546,val_end,nan,0.0009656233014538884,0.0009547350346110761,5.444146040645137e-07,nan,1.5625e-06,2.34375e-06,0.01,0.02,nan,0.0
1761496970,25,13546,epoch,-1.7389454905680182e-08,0.0009777896550230167,0.0009678366545752235,9.952999268592376e-06,2.4642748431300802e-08,1.5625e-06,2.34375e-06,0.01,0.02,0.0,nan
1761496971,25,13546,epoch,-1.7389454905680182e-08,0.0009777896550230167,0.0009678366545752235,9.952999268592376e-06,2.4642748431300802e-08,1.5625e-06,2.34375e-06,0.01,0.02,0.0,nan
1761496973,25,13546,val_end,nan,0.0009656233014538884,0.0009547350346110761,5.444146040645137e-07,nan,1.5625e-06,2.34375e-06,0.01,0.02,nan,0.0
1761496974,25,13546,val_end,nan,0.0009656233014538884,0.0009547350346110761,5.444146040645137e-07,nan,1.5625e-06,2.34375e-06,0.01,0.02,nan,0.0
1761496987,26,13600,train,0.0,0.0009887604974210262,0.0009794235229492188,9.336967195849866e-06,2.4695559375231824e-08,1e-06,1.171875e-06,0.01,0.02,0.0,nan
1761496995,26,13600,train,0.0,0.0009887604974210262,0.0009794235229492188,9.336967195849866e-06,2.4695559375231824e-08,1e-06,1.171875e-06,0.01,0.02,0.0,nan
1761497018,26,13600,train,0.0,0.0009887604974210262,0.0009794235229492188,9.336967195849866e-06,2.4695559375231824e-08,1e-06,1.171875e-06,0.01,0.02,0.0,nan
1761497020,26,13600,train,0.0,0.0009887604974210262,0.0009794235229492188,9.336967195849866e-06,2.4695559375231824e-08,1e-06,1.171875e-06,0.01,0.02,0.0,nan
1761497068,26,13700,train,1.430511474609375e-06,0.000971624453086406,0.0009608268737792969,1.07975702121621e-05,2.78208354131948e-08,1e-06,1.171875e-06,0.01,0.02,0.0,nan
1761497076,26,13700,train,1.430511474609375e-06,0.000971624453086406,0.0009608268737792969,1.07975702121621e-05,2.78208354131948e-08,1e-06,1.171875e-06,0.01,0.02,0.0,nan
1761497099,26,13700,train,1.430511474609375e-06,0.000971624453086406,0.0009608268737792969,1.07975702121621e-05,2.78208354131948e-08,1e-06,1.171875e-06,0.01,0.02,0.0,nan
1761497101,26,13700,train,1.430511474609375e-06,0.000971624453086406,0.0009608268737792969,1.07975702121621e-05,2.78208354131948e-08,1e-06,1.171875e-06,0.01,0.02,0.0,nan
1761497147,26,13800,train,-4.76837158203125e-07,0.0009702303213998675,0.0009603500366210938,9.880300240183715e-06,2.65852744263384e-08,1e-06,1.171875e-06,0.01,0.02,0.0,nan
1761497156,26,13800,train,-4.76837158203125e-07,0.0009702303213998675,0.0009603500366210938,9.880300240183715e-06,2.65852744263384e-08,1e-06,1.171875e-06,0.01,0.02,0.0,nan
1761497178,26,13800,train,-4.76837158203125e-07,0.0009702303213998675,0.0009603500366210938,9.880300240183715e-06,2.65852744263384e-08,1e-06,1.171875e-06,0.01,0.02,0.0,nan
1761497179,26,13800,train,-4.76837158203125e-07,0.0009702303213998675,0.0009603500366210938,9.880300240183715e-06,2.65852744263384e-08,1e-06,1.171875e-06,0.01,0.02,0.0,nan
1761497225,26,13900,train,9.5367431640625e-07,0.000996335525996983,0.0009870529174804688,9.282585779146757e-06,2.363076134770381e-08,1e-06,1.171875e-06,0.01,0.02,0.0,nan
1761497234,26,13900,train,9.5367431640625e-07,0.000996335525996983,0.0009870529174804688,9.282585779146757e-06,2.363076134770381e-08,1e-06,1.171875e-06,0.01,0.02,0.0,nan
1761497257,26,13900,train,9.5367431640625e-07,0.000996335525996983,0.0009870529174804688,9.282585779146757e-06,2.363076134770381e-08,1e-06,1.171875e-06,0.01,0.02,0.0,nan
1761497257,26,13900,train,9.5367431640625e-07,0.000996335525996983,0.0009870529174804688,9.282585779146757e-06,2.363076134770381e-08,1e-06,1.171875e-06,0.01,0.02,0.0,nan
1761497304,26,14000,train,-1.9073486328125e-06,0.0009962458861991763,0.0009860992431640625,1.0146630302187987e-05,2.2732773885536517e-08,1e-06,1.171875e-06,0.01,0.02,0.0,nan
1761497313,26,14000,train,-1.9073486328125e-06,0.0009962458861991763,0.0009860992431640625,1.0146630302187987e-05,2.2732773885536517e-08,1e-06,1.171875e-06,0.01,0.02,0.0,nan
1761497336,26,14000,train,-1.9073486328125e-06,0.0009962458861991763,0.0009860992431640625,1.0146630302187987e-05,2.2732773885536517e-08,1e-06,1.171875e-06,0.01,0.02,0.0,nan
1761497337,26,14000,train,-1.9073486328125e-06,0.0009962458861991763,0.0009860992431640625,1.0146630302187987e-05,2.2732773885536517e-08,1e-06,1.171875e-06,0.01,0.02,0.0,nan
1761497355,26,14067,epoch,-6.315117834168067e-08,0.000988837355218699,0.0009791681725324459,9.669182015042571e-06,2.427175962796354e-08,1e-06,1.171875e-06,0.01,0.02,0.0,nan
1761497359,26,14067,val_end,nan,0.0009796597296372056,0.0009689559228718281,5.351916456675099e-07,nan,1e-06,1.171875e-06,0.01,0.02,nan,0.0
1761497363,26,14067,epoch,-6.315117834168067e-08,0.000988837355218699,0.0009791681725324459,9.669182015042571e-06,2.427175962796354e-08,1e-06,1.171875e-06,0.01,0.02,0.0,nan
1761497367,26,14067,val_end,nan,0.0009796597296372056,0.0009689559228718281,5.351916456675099e-07,nan,1e-06,1.171875e-06,0.01,0.02,nan,0.0
1761497384,26,14067,epoch,-6.315117834168067e-08,0.000988837355218699,0.0009791681725324459,9.669182015042571e-06,2.427175962796354e-08,1e-06,1.171875e-06,0.01,0.02,0.0,nan
1761497385,27,14100,train,-1.9073486328125e-06,0.0010016539599746466,0.0009927749633789062,8.879016604623757e-06,2.4486856986527528e-08,1e-06,1.171875e-06,0.01,0.02,0.0,nan
1761497385,26,14067,epoch,-6.315117834168067e-08,0.000988837355218699,0.0009791681725324459,9.669182015042571e-06,2.427175962796354e-08,1e-06,1.171875e-06,0.01,0.02,0.0,nan
1761497388,26,14067,val_end,nan,0.0009796597296372056,0.0009689559228718281,5.351916456675099e-07,nan,1e-06,1.171875e-06,0.01,0.02,nan,0.0
1761497389,26,14067,val_end,nan,0.0009796597296372056,0.0009689559228718281,5.351916456675099e-07,nan,1e-06,1.171875e-06,0.01,0.02,nan,0.0
1761497393,27,14100,train,-1.9073486328125e-06,0.0010016539599746466,0.0009927749633789062,8.879016604623757e-06,2.4486856986527528e-08,1e-06,1.171875e-06,0.01,0.02,0.0,nan
1761497416,27,14100,train,-1.9073486328125e-06,0.0010016539599746466,0.0009927749633789062,8.879016604623757e-06,2.4486856986527528e-08,1e-06,1.171875e-06,0.01,0.02,0.0,nan
1761497417,27,14100,train,-1.9073486328125e-06,0.0010016539599746466,0.0009927749633789062,8.879016604623757e-06,2.4486856986527528e-08,1e-06,1.171875e-06,0.01,0.02,0.0,nan
1761497462,27,14200,train,-9.5367431640625e-07,0.001016214257106185,0.0010089874267578125,7.226798970805248e-06,1.753975276130859e-08,1e-06,1.171875e-06,0.01,0.02,0.0,nan
1761497472,27,14200,train,-9.5367431640625e-07,0.001016214257106185,0.0010089874267578125,7.226798970805248e-06,1.753975276130859e-08,1e-06,1.171875e-06,0.01,0.02,0.0,nan
1761497494,27,14200,train,-9.5367431640625e-07,0.001016214257106185,0.0010089874267578125,7.226798970805248e-06,1.753975276130859e-08,1e-06,1.171875e-06,0.01,0.02,0.0,nan
1761497496,27,14200,train,-9.5367431640625e-07,0.001016214257106185,0.0010089874267578125,7.226798970805248e-06,1.753975276130859e-08,1e-06,1.171875e-06,0.01,0.02,0.0,nan
1761497540,27,14300,train,4.76837158203125e-07,0.0009852000512182713,0.0009746551513671875,1.0544926226430107e-05,2.8091701409493908e-08,1e-06,1.171875e-06,0.01,0.02,0.0,nan
1761497550,27,14300,train,4.76837158203125e-07,0.0009852000512182713,0.0009746551513671875,1.0544926226430107e-05,2.8091701409493908e-08,1e-06,1.171875e-06,0.01,0.02,0.0,nan
1761497573,27,14300,train,4.76837158203125e-07,0.0009852000512182713,0.0009746551513671875,1.0544926226430107e-05,2.8091701409493908e-08,1e-06,1.171875e-06,0.01,0.02,0.0,nan
1761497574,27,14300,train,4.76837158203125e-07,0.0009852000512182713,0.0009746551513671875,1.0544926226430107e-05,2.8091701409493908e-08,1e-06,1.171875e-06,0.01,0.02,0.0,nan
1761497622,27,14400,train,0.0,0.0009712314349599183,0.0009617805480957031,9.450875040784013e-06,2.350580530219304e-08,1e-06,1.171875e-06,0.01,0.02,0.0,nan
1761497632,27,14400,train,0.0,0.0009712314349599183,0.0009617805480957031,9.450875040784013e-06,2.350580530219304e-08,1e-06,1.171875e-06,0.01,0.02,0.0,nan
1761497655,27,14400,train,0.0,0.0009712314349599183,0.0009617805480957031,9.450875040784013e-06,2.350580530219304e-08,1e-06,1.171875e-06,0.01,0.02,0.0,nan
1761497656,27,14400,train,0.0,0.0009712314349599183,0.0009617805480957031,9.450875040784013e-06,2.350580530219304e-08,1e-06,1.171875e-06,0.01,0.02,0.0,nan
1761497700,27,14500,train,-4.76837158203125e-07,0.0009694743785075843,0.0009598731994628906,9.601163583283778e-06,2.3665398529715276e-08,1e-06,1.171875e-06,0.01,0.02,0.0,nan
1761497711,27,14500,train,-4.76837158203125e-07,0.0009694743785075843,0.0009598731994628906,9.601163583283778e-06,2.3665398529715276e-08,1e-06,1.171875e-06,0.01,0.02,0.0,nan
1761497734,27,14500,train,-4.76837158203125e-07,0.0009694743785075843,0.0009598731994628906,9.601163583283778e-06,2.3665398529715276e-08,1e-06,1.171875e-06,0.01,0.02,0.0,nan
1761497735,27,14500,train,-4.76837158203125e-07,0.0009694743785075843,0.0009598731994628906,9.601163583283778e-06,2.3665398529715276e-08,1e-06,1.171875e-06,0.01,0.02,0.0,nan
1761497769,27,14588,epoch,1.7389454905680182e-08,0.0009847846631391506,0.0009751411408700779,9.64352075470306e-06,2.4370504150865268e-08,1e-06,1.171875e-06,0.01,0.02,0.0,nan
1761497773,27,14588,val_end,nan,0.0009686716948635876,0.000958083663135767,5.294011771184159e-07,nan,1e-06,1.171875e-06,0.01,0.02,nan,0.0
1761497779,27,14588,epoch,1.7389454905680182e-08,0.0009847846631391506,0.0009751411408700779,9.64352075470306e-06,2.4370504150865268e-08,1e-06,1.171875e-06,0.01,0.02,0.0,nan
1761497783,27,14588,val_end,nan,0.0009686716948635876,0.000958083663135767,5.294011771184159e-07,nan,1e-06,1.171875e-06,0.01,0.02,nan,0.0
1761497783,28,14600,train,0.0,0.0009913545800372958,0.0009813308715820312,1.0023726645158604e-05,2.5365903155716296e-08,1e-06,1.171875e-06,0.01,0.02,0.0,nan
1761497795,28,14600,train,0.0,0.0009913545800372958,0.0009813308715820312,1.0023726645158604e-05,2.5365903155716296e-08,1e-06,1.171875e-06,0.01,0.02,0.0,nan
1761497800,27,14588,epoch,1.7389454905680182e-08,0.0009847846631391506,0.0009751411408700779,9.64352075470306e-06,2.4370504150865268e-08,1e-06,1.171875e-06,0.01,0.02,0.0,nan
1761497801,27,14588,epoch,1.7389454905680182e-08,0.0009847846631391506,0.0009751411408700779,9.64352075470306e-06,2.4370504150865268e-08,1e-06,1.171875e-06,0.01,0.02,0.0,nan
1761497804,27,14588,val_end,nan,0.0009686716948635876,0.000958083663135767,5.294011771184159e-07,nan,1e-06,1.171875e-06,0.01,0.02,nan,0.0
1761497805,27,14588,val_end,nan,0.0009686716948635876,0.000958083663135767,5.294011771184159e-07,nan,1e-06,1.171875e-06,0.01,0.02,nan,0.0
1761497815,28,14600,train,0.0,0.0009913545800372958,0.0009813308715820312,1.0023726645158604e-05,2.5365903155716296e-08,1e-06,1.171875e-06,0.01,0.02,0.0,nan
1761497817,28,14600,train,0.0,0.0009913545800372958,0.0009813308715820312,1.0023726645158604e-05,2.5365903155716296e-08,1e-06,1.171875e-06,0.01,0.02,0.0,nan
1761497859,28,14700,train,1.430511474609375e-06,0.0009829798946157098,0.0009746551513671875,8.324719601660036e-06,2.0263817290810948e-08,1e-06,1.171875e-06,0.01,0.02,0.0,nan
1761497870,28,14700,train,1.430511474609375e-06,0.0009829798946157098,0.0009746551513671875,8.324719601660036e-06,2.0263817290810948e-08,1e-06,1.171875e-06,0.01,0.02,0.0,nan
1761497893,28,14700,train,1.430511474609375e-06,0.0009829798946157098,0.0009746551513671875,8.324719601660036e-06,2.0263817290810948e-08,1e-06,1.171875e-06,0.01,0.02,0.0,nan
1761497894,28,14700,train,1.430511474609375e-06,0.0009829798946157098,0.0009746551513671875,8.324719601660036e-06,2.0263817290810948e-08,1e-06,1.171875e-06,0.01,0.02,0.0,nan
1761497938,28,14800,train,4.76837158203125e-07,0.0009769415482878685,0.0009698867797851562,7.054826710373163e-06,1.795595139242323e-08,1e-06,1.171875e-06,0.01,0.02,0.0,nan
1761497950,28,14800,train,4.76837158203125e-07,0.0009769415482878685,0.0009698867797851562,7.054826710373163e-06,1.795595139242323e-08,1e-06,1.171875e-06,0.01,0.02,0.0,nan
1761497972,28,14800,train,4.76837158203125e-07,0.0009769415482878685,0.0009698867797851562,7.054826710373163e-06,1.795595139242323e-08,1e-06,1.171875e-06,0.01,0.02,0.0,nan
1761497973,28,14800,train,4.76837158203125e-07,0.0009769415482878685,0.0009698867797851562,7.054826710373163e-06,1.795595139242323e-08,1e-06,1.171875e-06,0.01,0.02,0.0,nan
1761498019,28,14900,train,-1.9073486328125e-06,0.0009881909936666489,0.000980377197265625,7.813788215571549e-06,2.0446989879019384e-08,1e-06,1.171875e-06,0.01,0.02,0.0,nan
1761498030,28,14900,train,-1.9073486328125e-06,0.0009881909936666489,0.000980377197265625,7.813788215571549e-06,2.0446989879019384e-08,1e-06,1.171875e-06,0.01,0.02,0.0,nan
1761498054,28,14900,train,-1.9073486328125e-06,0.0009881909936666489,0.000980377197265625,7.813788215571549e-06,2.0446989879019384e-08,1e-06,1.171875e-06,0.01,0.02,0.0,nan
1761498054,28,14900,train,-1.9073486328125e-06,0.0009881909936666489,0.000980377197265625,7.813788215571549e-06,2.0446989879019384e-08,1e-06,1.171875e-06,0.01,0.02,0.0,nan
1761498098,28,15000,train,0.0,0.0009901581797748804,0.0009822845458984375,7.873673894209787e-06,1.6259580348787495e-08,1e-06,1.171875e-06,0.01,0.02,0.0,nan
1761498100,28,15000,val,nan,0.0009669237188063562,0.0009563917992636561,5.265958407107973e-07,nan,1e-06,1.171875e-06,0.01,0.02,nan,0.0
1761498109,28,15000,train,0.0,0.0009901581797748804,0.0009822845458984375,7.873673894209787e-06,1.6259580348787495e-08,1e-06,1.171875e-06,0.01,0.02,0.0,nan
1761498111,28,15000,val,nan,0.0009669237188063562,0.0009563917992636561,5.265958407107973e-07,nan,1e-06,1.171875e-06,0.01,0.02,nan,0.0
1761498132,28,15000,train,0.0,0.0009901581797748804,0.0009822845458984375,7.873673894209787e-06,1.6259580348787495e-08,1e-06,1.171875e-06,0.01,0.02,0.0,nan
1761498132,28,15000,train,0.0,0.0009901581797748804,0.0009822845458984375,7.873673894209787e-06,1.6259580348787495e-08,1e-06,1.171875e-06,0.01,0.02,0.0,nan
1761498134,28,15000,val,nan,0.0009669237188063562,0.0009563917992636561,5.265958407107973e-07,nan,1e-06,1.171875e-06,0.01,0.02,nan,0.0
1761498134,28,15000,val,nan,0.0009669237188063562,0.0009563917992636561,5.265958407107973e-07,nan,1e-06,1.171875e-06,0.01,0.02,nan,0.0
1761498177,28,15100,train,0.0,0.0010142606915906072,0.001007080078125,7.1806007326813415e-06,1.704797547574799e-08,1e-06,1e-06,0.01,0.02,0.0,nan
1761498182,28,15109,epoch,1.4643751499520153e-08,0.0009814812254335824,0.0009718700928788725,9.611133162203493e-06,2.420394947976533e-08,1e-06,1e-06,0.01,0.02,0.0,nan
1761498186,28,15109,val_end,nan,0.0009688297286629677,0.0009583899518474936,5.219873742134951e-07,nan,1e-06,1e-06,0.01,0.02,nan,0.0
1761498188,28,15100,train,0.0,0.0010142606915906072,0.001007080078125,7.1806007326813415e-06,1.704797547574799e-08,1e-06,1e-06,0.01,0.02,0.0,nan
1761498193,28,15109,epoch,1.4643751499520153e-08,0.0009814812254335824,0.0009718700928788725,9.611133162203493e-06,2.420394947976533e-08,1e-06,1e-06,0.01,0.02,0.0,nan
1761498197,28,15109,val_end,nan,0.0009688297286629677,0.0009583899518474936,5.219873742134951e-07,nan,1e-06,1e-06,0.01,0.02,nan,0.0
1761498212,28,15100,train,0.0,0.0010142606915906072,0.001007080078125,7.1806007326813415e-06,1.704797547574799e-08,1e-06,1e-06,0.01,0.02,0.0,nan
1761498212,28,15100,train,0.0,0.0010142606915906072,0.001007080078125,7.1806007326813415e-06,1.704797547574799e-08,1e-06,1e-06,0.01,0.02,0.0,nan
1761498218,28,15109,epoch,1.4643751499520153e-08,0.0009814812254335824,0.0009718700928788725,9.611133162203493e-06,2.420394947976533e-08,1e-06,1e-06,0.01,0.02,0.0,nan
1761498218,28,15109,epoch,1.4643751499520153e-08,0.0009814812254335824,0.0009718700928788725,9.611133162203493e-06,2.420394947976533e-08,1e-06,1e-06,0.01,0.02,0.0,nan
1761498222,28,15109,val_end,nan,0.0009688297286629677,0.0009583899518474936,5.219873742134951e-07,nan,1e-06,1e-06,0.01,0.02,nan,0.0
1761498222,28,15109,val_end,nan,0.0009688297286629677,0.0009583899518474936,5.219873742134951e-07,nan,1e-06,1e-06,0.01,0.02,nan,0.0
1761498257,29,15200,train,-9.5367431640625e-07,0.0009788785828277469,0.0009679794311523438,1.089919896912761e-05,2.817130706489479e-08,1e-06,1e-06,0.01,0.02,0.0,nan
1761498269,29,15200,train,-9.5367431640625e-07,0.0009788785828277469,0.0009679794311523438,1.089919896912761e-05,2.817130706489479e-08,1e-06,1e-06,0.01,0.02,0.0,nan
1761498297,29,15200,train,-9.5367431640625e-07,0.0009788785828277469,0.0009679794311523438,1.089919896912761e-05,2.817130706489479e-08,1e-06,1e-06,0.01,0.02,0.0,nan
1761498297,29,15200,train,-9.5367431640625e-07,0.0009788785828277469,0.0009679794311523438,1.089919896912761e-05,2.817130706489479e-08,1e-06,1e-06,0.01,0.02,0.0,nan
1761498337,29,15300,train,0.0,0.0009720546659082174,0.0009613037109375,1.0750963156169746e-05,2.6943139275203976e-08,1e-06,1e-06,0.01,0.02,0.0,nan
1761498349,29,15300,train,0.0,0.0009720546659082174,0.0009613037109375,1.0750963156169746e-05,2.6943139275203976e-08,1e-06,1e-06,0.01,0.02,0.0,nan
1761498377,29,15300,train,0.0,0.0009720546659082174,0.0009613037109375,1.0750963156169746e-05,2.6943139275203976e-08,1e-06,1e-06,0.01,0.02,0.0,nan
1761498377,29,15300,train,0.0,0.0009720546659082174,0.0009613037109375,1.0750963156169746e-05,2.6943139275203976e-08,1e-06,1e-06,0.01,0.02,0.0,nan
1761498417,29,15400,train,4.76837158203125e-07,0.000988765968941152,0.0009784698486328125,1.0296145774191245e-05,2.6235765560045365e-08,1e-06,1e-06,0.01,0.02,0.0,nan
1761498429,29,15400,train,4.76837158203125e-07,0.000988765968941152,0.0009784698486328125,1.0296145774191245e-05,2.6235765560045365e-08,1e-06,1e-06,0.01,0.02,0.0,nan
1761498458,29,15400,train,4.76837158203125e-07,0.000988765968941152,0.0009784698486328125,1.0296145774191245e-05,2.6235765560045365e-08,1e-06,1e-06,0.01,0.02,0.0,nan
1761498458,29,15400,train,4.76837158203125e-07,0.000988765968941152,0.0009784698486328125,1.0296145774191245e-05,2.6235765560045365e-08,1e-06,1e-06,0.01,0.02,0.0,nan
1761498494,29,15500,train,0.0,0.000993192894384265,0.00098419189453125,9.000998943520244e-06,2.4459458458636618e-08,1e-06,1e-06,0.01,0.02,0.0,nan
1761498506,29,15500,train,0.0,0.000993192894384265,0.00098419189453125,9.000998943520244e-06,2.4459458458636618e-08,1e-06,1e-06,0.01,0.02,0.0,nan
1761498536,29,15500,train,0.0,0.000993192894384265,0.00098419189453125,9.000998943520244e-06,2.4459458458636618e-08,1e-06,1e-06,0.01,0.02,0.0,nan
1761498536,29,15500,train,0.0,0.000993192894384265,0.00098419189453125,9.000998943520244e-06,2.4459458458636618e-08,1e-06,1e-06,0.01,0.02,0.0,nan
1761498572,29,15600,train,0.0,0.00100594328250736,0.0009975433349609375,8.399985745199956e-06,2.1203415911941192e-08,1e-06,1e-06,0.01,0.02,0.0,nan
1761498585,29,15600,train,0.0,0.00100594328250736,0.0009975433349609375,8.399985745199956e-06,2.1203415911941192e-08,1e-06,1e-06,0.01,0.02,0.0,nan
1761498594,29,15630,epoch,-6.315117834168067e-08,0.0009929755366999019,0.000983439571797962,9.535967242012068e-06,2.426820858494664e-08,1e-06,1e-06,0.01,0.02,0.0,nan
1761498598,29,15630,val_end,nan,0.0009858784032985568,0.0009756528306752443,5.11278813064564e-07,nan,1e-06,1e-06,0.01,0.02,nan,0.0
1761498607,29,15630,epoch,-6.315117834168067e-08,0.0009929755366999019,0.000983439571797962,9.535967242012068e-06,2.426820858494664e-08,1e-06,1e-06,0.01,0.02,0.0,nan
1761498611,29,15630,val_end,nan,0.0009858784032985568,0.0009756528306752443,5.11278813064564e-07,nan,1e-06,1e-06,0.01,0.02,nan,0.0
1761498615,29,15600,train,0.0,0.00100594328250736,0.0009975433349609375,8.399985745199956e-06,2.1203415911941192e-08,1e-06,1e-06,0.01,0.02,0.0,nan
1761498615,29,15600,train,0.0,0.00100594328250736,0.0009975433349609375,8.399985745199956e-06,2.1203415911941192e-08,1e-06,1e-06,0.01,0.02,0.0,nan
1761498638,29,15630,epoch,-6.315117834168067e-08,0.0009929755366999019,0.000983439571797962,9.535967242012068e-06,2.426820858494664e-08,1e-06,1e-06,0.01,0.02,0.0,nan
1761498638,29,15630,epoch,-6.315117834168067e-08,0.0009929755366999019,0.000983439571797962,9.535967242012068e-06,2.426820858494664e-08,1e-06,1e-06,0.01,0.02,0.0,nan
1761498642,29,15630,val_end,nan,0.0009858784032985568,0.0009756528306752443,5.11278813064564e-07,nan,1e-06,1e-06,0.01,0.02,nan,0.0
1761498642,29,15630,val_end,nan,0.0009858784032985568,0.0009756528306752443,5.11278813064564e-07,nan,1e-06,1e-06,0.01,0.02,nan,0.0
1761498652,30,15700,train,-9.5367431640625e-07,0.000991889159195125,0.0009813308715820312,1.0558328540355433e-05,2.6269054487215726e-08,1e-06,1e-06,0.01,0.02,0.0,nan
1761498666,30,15700,train,-9.5367431640625e-07,0.000991889159195125,0.0009813308715820312,1.0558328540355433e-05,2.6269054487215726e-08,1e-06,1e-06,0.01,0.02,0.0,nan
1761498700,30,15700,train,-9.5367431640625e-07,0.000991889159195125,0.0009813308715820312,1.0558328540355433e-05,2.6269054487215726e-08,1e-06,1e-06,0.01,0.02,0.0,nan
1761498700,30,15700,train,-9.5367431640625e-07,0.000991889159195125,0.0009813308715820312,1.0558328540355433e-05,2.6269054487215726e-08,1e-06,1e-06,0.01,0.02,0.0,nan
1761498733,30,15800,train,9.5367431640625e-07,0.0009925212943926454,0.0009813308715820312,1.1190440091013443e-05,2.9375362586847586e-08,1e-06,1e-06,0.01,0.02,0.0,nan
1761498746,30,15800,train,9.5367431640625e-07,0.0009925212943926454,0.0009813308715820312,1.1190440091013443e-05,2.9375362586847586e-08,1e-06,1e-06,0.01,0.02,0.0,nan
1761498781,30,15800,train,9.5367431640625e-07,0.0009925212943926454,0.0009813308715820312,1.1190440091013443e-05,2.9375362586847586e-08,1e-06,1e-06,0.01,0.02,0.0,nan
1761498781,30,15800,train,9.5367431640625e-07,0.0009925212943926454,0.0009813308715820312,1.1190440091013443e-05,2.9375362586847586e-08,1e-06,1e-06,0.01,0.02,0.0,nan
1761498811,30,15900,train,-9.5367431640625e-07,0.0010022787610068917,0.0009927749633789062,9.503826731815934e-06,2.1460873966816507e-08,1e-06,1e-06,0.01,0.02,0.0,nan
1761498825,30,15900,train,-9.5367431640625e-07,0.0010022787610068917,0.0009927749633789062,9.503826731815934e-06,2.1460873966816507e-08,1e-06,1e-06,0.01,0.02,0.0,nan
1761498860,30,15900,train,-9.5367431640625e-07,0.0010022787610068917,0.0009927749633789062,9.503826731815934e-06,2.1460873966816507e-08,1e-06,1e-06,0.01,0.02,0.0,nan
1761498861,30,15900,train,-9.5367431640625e-07,0.0010022787610068917,0.0009927749633789062,9.503826731815934e-06,2.1460873966816507e-08,1e-06,1e-06,0.01,0.02,0.0,nan
1761498889,30,16000,train,-9.5367431640625e-07,0.001021069590933621,0.0010128021240234375,8.267486919066869e-06,2.2421254186610895e-08,1e-06,1e-06,0.01,0.02,0.0,nan
1761498905,30,16000,train,-9.5367431640625e-07,0.001021069590933621,0.0010128021240234375,8.267486919066869e-06,2.2421254186610895e-08,1e-06,1e-06,0.01,0.02,0.0,nan
1761498939,30,16000,train,-9.5367431640625e-07,0.001021069590933621,0.0010128021240234375,8.267486919066869e-06,2.2421254186610895e-08,1e-06,1e-06,0.01,0.02,0.0,nan
1761498939,30,16000,train,-9.5367431640625e-07,0.001021069590933621,0.0010128021240234375,8.267486919066869e-06,2.2421254186610895e-08,1e-06,1e-06,0.01,0.02,0.0,nan
1761498969,30,16100,train,9.5367431640625e-07,0.0009891813388094306,0.000980377197265625,8.80408515513409e-06,2.2379968100949554e-08,1e-06,1e-06,0.01,0.02,0.0,nan
1761498984,30,16100,train,9.5367431640625e-07,0.0009891813388094306,0.000980377197265625,8.80408515513409e-06,2.2379968100949554e-08,1e-06,1e-06,0.01,0.02,0.0,nan
1761499008,30,16151,epoch,-1.244718877459213e-07,0.0010123832524224986,0.001002977997236197,9.405257075990878e-06,2.420319325806459e-08,1e-06,1e-06,0.01,0.02,0.0,nan
1761499012,30,16151,val_end,nan,0.000983958481810987,0.0009738289518281817,5.064785568720254e-07,nan,1e-06,1e-06,0.01,0.02,nan,0.0
1761499017,30,16100,train,9.5367431640625e-07,0.0009891813388094306,0.000980377197265625,8.80408515513409e-06,2.2379968100949554e-08,1e-06,1e-06,0.01,0.02,0.0,nan
1761499017,30,16100,train,9.5367431640625e-07,0.0009891813388094306,0.000980377197265625,8.80408515513409e-06,2.2379968100949554e-08,1e-06,1e-06,0.01,0.02,0.0,nan
1761499023,30,16151,epoch,-1.244718877459213e-07,0.0010123832524224986,0.001002977997236197,9.405257075990878e-06,2.420319325806459e-08,1e-06,1e-06,0.01,0.02,0.0,nan
1761499027,30,16151,val_end,nan,0.000983958481810987,0.0009738289518281817,5.064785568720254e-07,nan,1e-06,1e-06,0.01,0.02,nan,0.0
1761499051,31,16200,train,0.0,0.0009799060644581914,0.0009694099426269531,1.0496115464775357e-05,2.8189084844143508e-08,1e-06,1e-06,0.01,0.02,0.0,nan
1761499055,30,16151,epoch,-1.244718877459213e-07,0.0010123832524224986,0.001002977997236197,9.405257075990878e-06,2.420319325806459e-08,1e-06,1e-06,0.01,0.02,0.0,nan
1761499055,30,16151,epoch,-1.244718877459213e-07,0.0010123832524224986,0.001002977997236197,9.405257075990878e-06,2.420319325806459e-08,1e-06,1e-06,0.01,0.02,0.0,nan
1761499058,30,16151,val_end,nan,0.000983958481810987,0.0009738289518281817,5.064785568720254e-07,nan,1e-06,1e-06,0.01,0.02,nan,0.0
1761499059,30,16151,val_end,nan,0.000983958481810987,0.0009738289518281817,5.064785568720254e-07,nan,1e-06,1e-06,0.01,0.02,nan,0.0
1761499064,31,16200,train,0.0,0.0009799060644581914,0.0009694099426269531,1.0496115464775357e-05,2.8189084844143508e-08,1e-06,1e-06,0.01,0.02,0.0,nan
1761499097,31,16200,train,0.0,0.0009799060644581914,0.0009694099426269531,1.0496115464775357e-05,2.8189084844143508e-08,1e-06,1e-06,0.01,0.02,0.0,nan
1761499099,31,16200,train,0.0,0.0009799060644581914,0.0009694099426269531,1.0496115464775357e-05,2.8189084844143508e-08,1e-06,1e-06,0.01,0.02,0.0,nan
1761499128,31,16300,train,-9.5367431640625e-07,0.0010034379083663225,0.0009937286376953125,9.709279765957035e-06,2.3845725394266992e-08,1e-06,1e-06,0.01,0.02,0.0,nan
1761499144,31,16300,train,-9.5367431640625e-07,0.0010034379083663225,0.0009937286376953125,9.709279765957035e-06,2.3845725394266992e-08,1e-06,1e-06,0.01,0.02,0.0,nan
1761499178,31,16300,train,-9.5367431640625e-07,0.0010034379083663225,0.0009937286376953125,9.709279765957035e-06,2.3845725394266992e-08,1e-06,1e-06,0.01,0.02,0.0,nan
1761499180,31,16300,train,-9.5367431640625e-07,0.0010034379083663225,0.0009937286376953125,9.709279765957035e-06,2.3845725394266992e-08,1e-06,1e-06,0.01,0.02,0.0,nan
1761499207,31,16400,train,-9.5367431640625e-07,0.000995568698272109,0.0009851455688476562,1.0423107596579939e-05,2.67153037469825e-08,1e-06,1e-06,0.01,0.02,0.0,nan
1761499225,31,16400,train,-9.5367431640625e-07,0.000995568698272109,0.0009851455688476562,1.0423107596579939e-05,2.67153037469825e-08,1e-06,1e-06,0.01,0.02,0.0,nan
1761499257,31,16400,train,-9.5367431640625e-07,0.000995568698272109,0.0009851455688476562,1.0423107596579939e-05,2.67153037469825e-08,1e-06,1e-06,0.01,0.02,0.0,nan
1761499259,31,16400,train,-9.5367431640625e-07,0.000995568698272109,0.0009851455688476562,1.0423107596579939e-05,2.67153037469825e-08,1e-06,1e-06,0.01,0.02,0.0,nan
1761499283,31,16500,train,9.5367431640625e-07,0.0010025111259892583,0.0009918212890625,1.0689862392609939e-05,3.036969076219975e-08,1e-06,1e-06,0.01,0.02,0.0,nan
1761499285,31,16500,val,nan,0.0009985612705349922,0.0009885146282613277,5.023311473451031e-07,nan,1e-06,1e-06,0.01,0.02,nan,0.0
1761499300,31,16500,train,9.5367431640625e-07,0.0010025111259892583,0.0009918212890625,1.0689862392609939e-05,3.036969076219975e-08,1e-06,1e-06,0.01,0.02,0.0,nan
1761499303,31,16500,val,nan,0.0009985612705349922,0.0009885146282613277,5.023311473451031e-07,nan,1e-06,1e-06,0.01,0.02,nan,0.0
1761499334,31,16500,train,9.5367431640625e-07,0.0010025111259892583,0.0009918212890625,1.0689862392609939e-05,3.036969076219975e-08,1e-06,1e-06,0.01,0.02,0.0,nan
1761499336,31,16500,train,9.5367431640625e-07,0.0010025111259892583,0.0009918212890625,1.0689862392609939e-05,3.036969076219975e-08,1e-06,1e-06,0.01,0.02,0.0,nan
1761499336,31,16500,val,nan,0.0009985612705349922,0.0009885146282613277,5.023311473451031e-07,nan,1e-06,1e-06,0.01,0.02,nan,0.0
1761499338,31,16500,val,nan,0.0009985612705349922,0.0009885146282613277,5.023311473451031e-07,nan,1e-06,1e-06,0.01,0.02,nan,0.0
1761499360,31,16600,train,0.0,0.0010357656283304095,0.0010280609130859375,7.704703421040904e-06,1.970061802580858e-08,1e-06,1e-06,0.01,0.02,0.0,nan
1761499379,31,16600,train,0.0,0.0010357656283304095,0.0010280609130859375,7.704703421040904e-06,1.970061802580858e-08,1e-06,1e-06,0.01,0.02,0.0,nan
1761499414,31,16600,train,0.0,0.0010357656283304095,0.0010280609130859375,7.704703421040904e-06,1.970061802580858e-08,1e-06,1e-06,0.01,0.02,0.0,nan
1761499416,31,16600,train,0.0,0.0010357656283304095,0.0010280609130859375,7.704703421040904e-06,1.970061802580858e-08,1e-06,1e-06,0.01,0.02,0.0,nan
1761499416,31,16672,epoch,-1.3728517030800144e-08,0.0010095836943052995,0.0010002634118019733,9.320283087253163e-06,2.4431948662958232e-08,1e-06,1e-06,0.01,0.02,0.0,nan
1761499420,31,16672,val_end,nan,0.001003375626169145,0.0009933504043146968,5.01262036323169e-07,nan,1e-06,1e-06,0.01,0.02,nan,0.0
1761499434,31,16672,epoch,-1.3728517030800144e-08,0.0010095836943052995,0.0010002634118019733,9.320283087253163e-06,2.4431948662958232e-08,1e-06,1e-06,0.01,0.02,0.0,nan
1761499438,31,16672,val_end,nan,0.001003375626169145,0.0009933504043146968,5.01262036323169e-07,nan,1e-06,1e-06,0.01,0.02,nan,0.0
1761499444,32,16700,train,9.5367431640625e-07,0.001041272422298789,0.0010318756103515625,9.396761015523225e-06,2.551010069851145e-08,1e-06,1e-06,0.01,0.02,0.0,nan
1761499463,32,16700,train,9.5367431640625e-07,0.001041272422298789,0.0010318756103515625,9.396761015523225e-06,2.551010069851145e-08,1e-06,1e-06,0.01,0.02,0.0,nan
1761499469,31,16672,epoch,-1.3728517030800144e-08,0.0010095836943052995,0.0010002634118019733,9.320283087253163e-06,2.4431948662958232e-08,1e-06,1e-06,0.01,0.02,0.0,nan
1761499470,31,16672,epoch,-1.3728517030800144e-08,0.0010095836943052995,0.0010002634118019733,9.320283087253163e-06,2.4431948662958232e-08,1e-06,1e-06,0.01,0.02,0.0,nan
1761499473,31,16672,val_end,nan,0.001003375626169145,0.0009933504043146968,5.01262036323169e-07,nan,1e-06,1e-06,0.01,0.02,nan,0.0
1761499474,31,16672,val_end,nan,0.001003375626169145,0.0009933504043146968,5.01262036323169e-07,nan,1e-06,1e-06,0.01,0.02,nan,0.0
1761499498,32,16700,train,9.5367431640625e-07,0.001041272422298789,0.0010318756103515625,9.396761015523225e-06,2.551010069851145e-08,1e-06,1e-06,0.01,0.02,0.0,nan
1761499499,32,16700,train,9.5367431640625e-07,0.001041272422298789,0.0010318756103515625,9.396761015523225e-06,2.551010069851145e-08,1e-06,1e-06,0.01,0.02,0.0,nan
1761499520,32,16800,train,0.0,0.0010395197896286845,0.0010318756103515625,7.644159268238582e-06,1.7860250167700542e-08,1e-06,1e-06,0.01,0.02,0.0,nan
1761499539,32,16800,train,0.0,0.0010395197896286845,0.0010318756103515625,7.644159268238582e-06,1.7860250167700542e-08,1e-06,1e-06,0.01,0.02,0.0,nan
1761499577,32,16800,train,0.0,0.0010395197896286845,0.0010318756103515625,7.644159268238582e-06,1.7860250167700542e-08,1e-06,1e-06,0.01,0.02,0.0,nan
1761499578,32,16800,train,0.0,0.0010395197896286845,0.0010318756103515625,7.644159268238582e-06,1.7860250167700542e-08,1e-06,1e-06,0.01,0.02,0.0,nan
1761499602,32,16900,train,0.0,0.0010115791810676455,0.0010004043579101562,1.1174830433446914e-05,2.4430050871160347e-08,1e-06,1e-06,0.01,0.02,0.0,nan
1761499621,32,16900,train,0.0,0.0010115791810676455,0.0010004043579101562,1.1174830433446914e-05,2.4430050871160347e-08,1e-06,1e-06,0.01,0.02,0.0,nan
1761499657,32,16900,train,0.0,0.0010115791810676455,0.0010004043579101562,1.1174830433446914e-05,2.4430050871160347e-08,1e-06,1e-06,0.01,0.02,0.0,nan
1761499659,32,16900,train,0.0,0.0010115791810676455,0.0010004043579101562,1.1174830433446914e-05,2.4430050871160347e-08,1e-06,1e-06,0.01,0.02,0.0,nan
1761499680,32,17000,train,0.0,0.001017159316688776,0.0010080337524414062,9.125514225161169e-06,2.3426419915040242e-08,1e-06,1e-06,0.01,0.02,0.0,nan
1761499698,32,17000,train,0.0,0.001017159316688776,0.0010080337524414062,9.125514225161169e-06,2.3426419915040242e-08,1e-06,1e-06,0.01,0.02,0.0,nan
1761499736,32,17000,train,0.0,0.001017159316688776,0.0010080337524414062,9.125514225161169e-06,2.3426419915040242e-08,1e-06,1e-06,0.01,0.02,0.0,nan
1761499738,32,17000,train,0.0,0.001017159316688776,0.0010080337524414062,9.125514225161169e-06,2.3426419915040242e-08,1e-06,1e-06,0.01,0.02,0.0,nan
1761499758,32,17100,train,-9.5367431640625e-07,0.0010128772119060159,0.0010042190551757812,8.658138540340587e-06,2.1290375684657192e-08,1e-06,1e-06,0.01,0.02,0.0,nan
1761499777,32,17100,train,-9.5367431640625e-07,0.0010128772119060159,0.0010042190551757812,8.658138540340587e-06,2.1290375684657192e-08,1e-06,1e-06,0.01,0.02,0.0,nan
1761499815,32,17100,train,-9.5367431640625e-07,0.0010128772119060159,0.0010042190551757812,8.658138540340587e-06,2.1290375684657192e-08,1e-06,1e-06,0.01,0.02,0.0,nan
1761499816,32,17100,train,-9.5367431640625e-07,0.0010128772119060159,0.0010042190551757812,8.658138540340587e-06,2.1290375684657192e-08,1e-06,1e-06,0.01,0.02,0.0,nan
1761499831,32,17193,epoch,9.243868134072097e-08,0.0010260470522542604,0.0010168264099823993,9.220640498259053e-06,2.4047398188321257e-08,1e-06,1e-06,0.01,0.02,0.0,nan
1761499835,32,17193,val_end,nan,0.0010141133097931743,0.0010042028734460473,4.955217036695103e-07,nan,1e-06,1e-06,0.01,0.02,nan,0.0
1761499841,33,17200,train,-9.5367431640625e-07,0.0010403995402157307,0.00102996826171875,1.0431220289319754e-05,2.4937069298403003e-08,1e-06,1e-06,0.01,0.02,0.0,nan
1761499849,32,17193,epoch,9.243868134072097e-08,0.0010260470522542604,0.0010168264099823993,9.220640498259053e-06,2.4047398188321257e-08,1e-06,1e-06,0.01,0.02,0.0,nan
1761499853,32,17193,val_end,nan,0.0010141133097931743,0.0010042028734460473,4.955217036695103e-07,nan,1e-06,1e-06,0.01,0.02,nan,0.0
1761499860,33,17200,train,-9.5367431640625e-07,0.0010403995402157307,0.00102996826171875,1.0431220289319754e-05,2.4937069298403003e-08,1e-06,1e-06,0.01,0.02,0.0,nan
1761499886,32,17193,epoch,9.243868134072097e-08,0.0010260470522542604,0.0010168264099823993,9.220640498259053e-06,2.4047398188321257e-08,1e-06,1e-06,0.01,0.02,0.0,nan
1761499887,32,17193,epoch,9.243868134072097e-08,0.0010260470522542604,0.0010168264099823993,9.220640498259053e-06,2.4047398188321257e-08,1e-06,1e-06,0.01,0.02,0.0,nan
1761499890,32,17193,val_end,nan,0.0010141133097931743,0.0010042028734460473,4.955217036695103e-07,nan,1e-06,1e-06,0.01,0.02,nan,0.0
1761499891,32,17193,val_end,nan,0.0010141133097931743,0.0010042028734460473,4.955217036695103e-07,nan,1e-06,1e-06,0.01,0.02,nan,0.0
1761499896,33,17200,train,-9.5367431640625e-07,0.0010403995402157307,0.00102996826171875,1.0431220289319754e-05,2.4937069298403003e-08,1e-06,1e-06,0.01,0.02,0.0,nan
1761499897,33,17200,train,-9.5367431640625e-07,0.0010403995402157307,0.00102996826171875,1.0431220289319754e-05,2.4937069298403003e-08,1e-06,1e-06,0.01,0.02,0.0,nan
1761499916,33,17300,train,0.0,0.0010403082706034184,0.0010318756103515625,8.43264479044592e-06,1.9343373125479957e-08,1e-06,1e-06,0.01,0.02,0.0,nan
1761499936,33,17300,train,0.0,0.0010403082706034184,0.0010318756103515625,8.43264479044592e-06,1.9343373125479957e-08,1e-06,1e-06,0.01,0.02,0.0,nan
1761499974,33,17300,train,0.0,0.0010403082706034184,0.0010318756103515625,8.43264479044592e-06,1.9343373125479957e-08,1e-06,1e-06,0.01,0.02,0.0,nan
1761499976,33,17300,train,0.0,0.0010403082706034184,0.0010318756103515625,8.43264479044592e-06,1.9343373125479957e-08,1e-06,1e-06,0.01,0.02,0.0,nan
1761499996,33,17400,train,-9.5367431640625e-07,0.001062156748957932,0.0010547637939453125,7.3929622885771096e-06,2.035076640538591e-08,1e-06,1e-06,0.01,0.02,0.0,nan
1761500017,33,17400,train,-9.5367431640625e-07,0.001062156748957932,0.0010547637939453125,7.3929622885771096e-06,2.035076640538591e-08,1e-06,1e-06,0.01,0.02,0.0,nan
1761500055,33,17400,train,-9.5367431640625e-07,0.001062156748957932,0.0010547637939453125,7.3929622885771096e-06,2.035076640538591e-08,1e-06,1e-06,0.01,0.02,0.0,nan
1761500058,33,17400,train,-9.5367431640625e-07,0.001062156748957932,0.0010547637939453125,7.3929622885771096e-06,2.035076640538591e-08,1e-06,1e-06,0.01,0.02,0.0,nan
1761500077,33,17500,train,-3.814697265625e-06,0.0010270372731611133,0.0010166168212890625,1.0420398211863358e-05,2.7353333820201442e-08,1e-06,1e-06,0.01,0.02,0.0,nan
1761500098,33,17500,train,-3.814697265625e-06,0.0010270372731611133,0.0010166168212890625,1.0420398211863358e-05,2.7353333820201442e-08,1e-06,1e-06,0.01,0.02,0.0,nan
1761500136,33,17500,train,-3.814697265625e-06,0.0010270372731611133,0.0010166168212890625,1.0420398211863358e-05,2.7353333820201442e-08,1e-06,1e-06,0.01,0.02,0.0,nan
1761500138,33,17500,train,-3.814697265625e-06,0.0010270372731611133,0.0010166168212890625,1.0420398211863358e-05,2.7353333820201442e-08,1e-06,1e-06,0.01,0.02,0.0,nan
1761500155,33,17600,train,0.0,0.001020723837427795,0.0010099411010742188,1.0782731806102674e-05,2.7424759352356887e-08,1e-06,1e-06,0.01,0.02,0.0,nan
1761500176,33,17600,train,0.0,0.001020723837427795,0.0010099411010742188,1.0782731806102674e-05,2.7424759352356887e-08,1e-06,1e-06,0.01,0.02,0.0,nan
1761500213,33,17600,train,0.0,0.001020723837427795,0.0010099411010742188,1.0782731806102674e-05,2.7424759352356887e-08,1e-06,1e-06,0.01,0.02,0.0,nan
1761500216,33,17600,train,0.0,0.001020723837427795,0.0010099411010742188,1.0782731806102674e-05,2.7424759352356887e-08,1e-06,1e-06,0.01,0.02,0.0,nan
1761500235,33,17700,train,0.0,0.0010453645372763276,0.0010385513305664062,6.813199888711097e-06,1.7188909851029166e-08,1e-06,1e-06,0.01,0.02,0.0,nan
1761500245,33,17714,epoch,5.857500599808061e-08,0.0010416529759417882,0.001032586747533758,9.066226987054011e-06,2.360848799627442e-08,1e-06,1e-06,0.01,0.02,0.0,nan
1761500249,33,17714,val_end,nan,0.0010210196487605572,0.0010111856972798705,4.916984721603512e-07,nan,1e-06,1e-06,0.01,0.02,nan,0.0
1761500255,33,17700,train,0.0,0.0010453645372763276,0.0010385513305664062,6.813199888711097e-06,1.7188909851029166e-08,1e-06,1e-06,0.01,0.02,0.0,nan
1761500265,33,17714,epoch,5.857500599808061e-08,0.0010416529759417882,0.001032586747533758,9.066226987054011e-06,2.360848799627442e-08,1e-06,1e-06,0.01,0.02,0.0,nan
1761500269,33,17714,val_end,nan,0.0010210196487605572,0.0010111856972798705,4.916984721603512e-07,nan,1e-06,1e-06,0.01,0.02,nan,0.0
1761500291,33,17700,train,0.0,0.0010453645372763276,0.0010385513305664062,6.813199888711097e-06,1.7188909851029166e-08,1e-06,1e-06,0.01,0.02,0.0,nan
1761500295,33,17700,train,0.0,0.0010453645372763276,0.0010385513305664062,6.813199888711097e-06,1.7188909851029166e-08,1e-06,1e-06,0.01,0.02,0.0,nan
1761500301,33,17714,epoch,5.857500599808061e-08,0.0010416529759417882,0.001032586747533758,9.066226987054011e-06,2.360848799627442e-08,1e-06,1e-06,0.01,0.02,0.0,nan
1761500304,33,17714,epoch,5.857500599808061e-08,0.0010416529759417882,0.001032586747533758,9.066226987054011e-06,2.360848799627442e-08,1e-06,1e-06,0.01,0.02,0.0,nan
1761500305,33,17714,val_end,nan,0.0010210196487605572,0.0010111856972798705,4.916984721603512e-07,nan,1e-06,1e-06,0.01,0.02,nan,0.0
1761500308,33,17714,val_end,nan,0.0010210196487605572,0.0010111856972798705,4.916984721603512e-07,nan,1e-06,1e-06,0.01,0.02,nan,0.0
1761500316,34,17800,train,0.0,0.0010366113856434822,0.0010271072387695312,9.504125046078116e-06,2.296544820978852e-08,1e-06,1e-06,0.01,0.02,0.0,nan
1761500338,34,17800,train,0.0,0.0010366113856434822,0.0010271072387695312,9.504125046078116e-06,2.296544820978852e-08,1e-06,1e-06,0.01,0.02,0.0,nan
1761500374,34,17800,train,0.0,0.0010366113856434822,0.0010271072387695312,9.504125046078116e-06,2.296544820978852e-08,1e-06,1e-06,0.01,0.02,0.0,nan
1761500379,34,17800,train,0.0,0.0010366113856434822,0.0010271072387695312,9.504125046078116e-06,2.296544820978852e-08,1e-06,1e-06,0.01,0.02,0.0,nan
1761500395,34,17900,train,-9.5367431640625e-07,0.0010237388778477907,0.00101470947265625,9.029446118802298e-06,2.471218607524861e-08,1e-06,1e-06,0.01,0.02,0.0,nan
1761500417,34,17900,train,-9.5367431640625e-07,0.0010237388778477907,0.00101470947265625,9.029446118802298e-06,2.471218607524861e-08,1e-06,1e-06,0.01,0.02,0.0,nan
1761500452,34,17900,train,-9.5367431640625e-07,0.0010237388778477907,0.00101470947265625,9.029446118802298e-06,2.471218607524861e-08,1e-06,1e-06,0.01,0.02,0.0,nan
1761500456,34,17900,train,-9.5367431640625e-07,0.0010237388778477907,0.00101470947265625,9.029446118802298e-06,2.471218607524861e-08,1e-06,1e-06,0.01,0.02,0.0,nan
1761500474,34,18000,train,0.0,0.0010070401476696134,0.0009965896606445312,1.0450461559230462e-05,2.7684611936251713e-08,1e-06,1e-06,0.01,0.02,0.0,nan
1761500476,34,18000,val,nan,0.0010209106840193272,0.0010111491428688169,4.880761821368651e-07,nan,1e-06,1e-06,0.01,0.02,nan,0.0
1761500496,34,18000,train,0.0,0.0010070401476696134,0.0009965896606445312,1.0450461559230462e-05,2.7684611936251713e-08,1e-06,1e-06,0.01,0.02,0.0,nan
1761500498,34,18000,val,nan,0.0010209106840193272,0.0010111491428688169,4.880761821368651e-07,nan,1e-06,1e-06,0.01,0.02,nan,0.0
1761500531,34,18000,train,0.0,0.0010070401476696134,0.0009965896606445312,1.0450461559230462e-05,2.7684611936251713e-08,1e-06,1e-06,0.01,0.02,0.0,nan
1761500533,34,18000,val,nan,0.0010209106840193272,0.0010111491428688169,4.880761821368651e-07,nan,1e-06,1e-06,0.01,0.02,nan,0.0
1761500534,34,18000,train,0.0,0.0010070401476696134,0.0009965896606445312,1.0450461559230462e-05,2.7684611936251713e-08,1e-06,1e-06,0.01,0.02,0.0,nan
1761500536,34,18000,val,nan,0.0010209106840193272,0.0010111491428688169,4.880761821368651e-07,nan,1e-06,1e-06,0.01,0.02,nan,0.0
1761500555,34,18100,train,1.9073486328125e-06,0.0010014112340286374,0.0009899139404296875,1.1497348168632016e-05,3.4024818518219035e-08,1e-06,1e-06,0.01,0.02,0.0,nan
1761500578,34,18100,train,1.9073486328125e-06,0.0010014112340286374,0.0009899139404296875,1.1497348168632016e-05,3.4024818518219035e-08,1e-06,1e-06,0.01,0.02,0.0,nan
1761500612,34,18100,train,1.9073486328125e-06,0.0010014112340286374,0.0009899139404296875,1.1497348168632016e-05,3.4024818518219035e-08,1e-06,1e-06,0.01,0.02,0.0,nan
1761500616,34,18100,train,1.9073486328125e-06,0.0010014112340286374,0.0009899139404296875,1.1497348168632016e-05,3.4024818518219035e-08,1e-06,1e-06,0.01,0.02,0.0,nan
1761500635,34,18200,train,-9.5367431640625e-07,0.001024348079226911,0.00101470947265625,9.638623851060402e-06,2.8409635532966604e-08,1e-06,1e-06,0.01,0.02,0.0,nan
1761500658,34,18200,train,-9.5367431640625e-07,0.001024348079226911,0.00101470947265625,9.638623851060402e-06,2.8409635532966604e-08,1e-06,1e-06,0.01,0.02,0.0,nan
1761500662,34,18235,epoch,-3.203320640520034e-08,0.0010372018933138898,0.0010282302314626507,8.971662217830022e-06,2.3483250144195805e-08,1e-06,1e-06,0.01,0.02,0.0,nan
1761500666,34,18235,val_end,nan,0.0010261405259370804,0.0010164363775402308,4.852082611250808e-07,nan,1e-06,1e-06,0.01,0.02,nan,0.0
1761500684,34,18235,epoch,-3.203320640520034e-08,0.0010372018933138898,0.0010282302314626507,8.971662217830022e-06,2.3483250144195805e-08,1e-06,1e-06,0.01,0.02,0.0,nan
1761500688,34,18235,val_end,nan,0.0010261405259370804,0.0010164363775402308,4.852082611250808e-07,nan,1e-06,1e-06,0.01,0.02,nan,0.0
1761500690,34,18200,train,-9.5367431640625e-07,0.001024348079226911,0.00101470947265625,9.638623851060402e-06,2.8409635532966604e-08,1e-06,1e-06,0.01,0.02,0.0,nan
1761500694,34,18200,train,-9.5367431640625e-07,0.001024348079226911,0.00101470947265625,9.638623851060402e-06,2.8409635532966604e-08,1e-06,1e-06,0.01,0.02,0.0,nan
1761500717,34,18235,epoch,-3.203320640520034e-08,0.0010372018933138898,0.0010282302314626507,8.971662217830022e-06,2.3483250144195805e-08,1e-06,1e-06,0.01,0.02,0.0,nan
1761500717,35,18300,train,-1.9073486328125e-06,0.0010554237524047494,0.00104522705078125,1.0196657967753708e-05,2.9033181192517077e-08,1e-06,1e-06,0.01,0.02,0.0,nan
1761500720,34,18235,epoch,-3.203320640520034e-08,0.0010372018933138898,0.0010282302314626507,8.971662217830022e-06,2.3483250144195805e-08,1e-06,1e-06,0.01,0.02,0.0,nan
1761500721,34,18235,val_end,nan,0.0010261405259370804,0.0010164363775402308,4.852082611250808e-07,nan,1e-06,1e-06,0.01,0.02,nan,0.0
1761500724,34,18235,val_end,nan,0.0010261405259370804,0.0010164363775402308,4.852082611250808e-07,nan,1e-06,1e-06,0.01,0.02,nan,0.0
1761500738,35,18300,train,-1.9073486328125e-06,0.0010554237524047494,0.00104522705078125,1.0196657967753708e-05,2.9033181192517077e-08,1e-06,1e-06,0.01,0.02,0.0,nan
1761500773,35,18300,train,-1.9073486328125e-06,0.0010554237524047494,0.00104522705078125,1.0196657967753708e-05,2.9033181192517077e-08,1e-06,1e-06,0.01,0.02,0.0,nan
1761500778,35,18300,train,-1.9073486328125e-06,0.0010554237524047494,0.00104522705078125,1.0196657967753708e-05,2.9033181192517077e-08,1e-06,1e-06,0.01,0.02,0.0,nan
1761500795,35,18400,train,1.9073486328125e-06,0.0010557903442531824,0.0010480880737304688,7.702274160692468e-06,2.028389012309617e-08,1e-06,1e-06,0.01,0.02,0.0,nan
1761500819,35,18400,train,1.9073486328125e-06,0.0010557903442531824,0.0010480880737304688,7.702274160692468e-06,2.028389012309617e-08,1e-06,1e-06,0.01,0.02,0.0,nan
1761500853,35,18400,train,1.9073486328125e-06,0.0010557903442531824,0.0010480880737304688,7.702274160692468e-06,2.028389012309617e-08,1e-06,1e-06,0.01,0.02,0.0,nan
1761500858,35,18400,train,1.9073486328125e-06,0.0010557903442531824,0.0010480880737304688,7.702274160692468e-06,2.028389012309617e-08,1e-06,1e-06,0.01,0.02,0.0,nan
1761500873,35,18500,train,0.0,0.0010625746799632907,0.0010538101196289062,8.764576705289073e-06,2.2219577289206427e-08,1e-06,1e-06,0.01,0.02,0.0,nan
1761500897,35,18500,train,0.0,0.0010625746799632907,0.0010538101196289062,8.764576705289073e-06,2.2219577289206427e-08,1e-06,1e-06,0.01,0.02,0.0,nan
1761500931,35,18500,train,0.0,0.0010625746799632907,0.0010538101196289062,8.764576705289073e-06,2.2219577289206427e-08,1e-06,1e-06,0.01,0.02,0.0,nan
1761500936,35,18500,train,0.0,0.0010625746799632907,0.0010538101196289062,8.764576705289073e-06,2.2219577289206427e-08,1e-06,1e-06,0.01,0.02,0.0,nan
1761500952,35,18600,train,9.5367431640625e-07,0.001053431537002325,0.00104522705078125,8.204520781873725e-06,1.990916409511101e-08,1e-06,1e-06,0.01,0.02,0.0,nan
1761500976,35,18600,train,9.5367431640625e-07,0.001053431537002325,0.00104522705078125,8.204520781873725e-06,1.990916409511101e-08,1e-06,1e-06,0.01,0.02,0.0,nan
1761501009,35,18600,train,9.5367431640625e-07,0.001053431537002325,0.00104522705078125,8.204520781873725e-06,1.990916409511101e-08,1e-06,1e-06,0.01,0.02,0.0,nan
1761501015,35,18600,train,9.5367431640625e-07,0.001053431537002325,0.00104522705078125,8.204520781873725e-06,1.990916409511101e-08,1e-06,1e-06,0.01,0.02,0.0,nan
1761501032,35,18700,train,9.5367431640625e-07,0.001094103674404323,0.0010862350463867188,7.868674401834141e-06,2.230531492841692e-08,1e-06,1e-06,0.01,0.02,0.0,nan
1761501056,35,18700,train,9.5367431640625e-07,0.001094103674404323,0.0010862350463867188,7.868674401834141e-06,2.230531492841692e-08,1e-06,1e-06,0.01,0.02,0.0,nan
1761501075,35,18756,epoch,9.152344687200096e-08,0.0010561859968070105,0.0010473082939631193,8.877703554379408e-06,2.3230412146269996e-08,1e-06,1e-06,0.01,0.02,0.0,nan
1761501079,35,18756,val_end,nan,0.0010535417823120952,0.0010439300676807761,4.80584446904686e-07,nan,1e-06,1e-06,0.01,0.02,nan,0.0
1761501088,35,18700,train,9.5367431640625e-07,0.001094103674404323,0.0010862350463867188,7.868674401834141e-06,2.230531492841692e-08,1e-06,1e-06,0.01,0.02,0.0,nan
1761501094,35,18700,train,9.5367431640625e-07,0.001094103674404323,0.0010862350463867188,7.868674401834141e-06,2.230531492841692e-08,1e-06,1e-06,0.01,0.02,0.0,nan
1761501099,35,18756,epoch,9.152344687200096e-08,0.0010561859968070105,0.0010473082939631193,8.877703554379408e-06,2.3230412146269996e-08,1e-06,1e-06,0.01,0.02,0.0,nan
1761501103,35,18756,val_end,nan,0.0010535417823120952,0.0010439300676807761,4.80584446904686e-07,nan,1e-06,1e-06,0.01,0.02,nan,0.0
1761501115,36,18800,train,0.0,0.0010632916819304228,0.0010538101196289062,9.481544111622497e-06,2.3459463704966765e-08,1e-06,1e-06,0.01,0.02,0.0,nan
1761501131,35,18756,epoch,9.152344687200096e-08,0.0010561859968070105,0.0010473082939631193,8.877703554379408e-06,2.3230412146269996e-08,1e-06,1e-06,0.01,0.02,0.0,nan
1761501135,35,18756,val_end,nan,0.0010535417823120952,0.0010439300676807761,4.80584446904686e-07,nan,1e-06,1e-06,0.01,0.02,nan,0.0
1761501136,35,18756,epoch,9.152344687200096e-08,0.0010561859968070105,0.0010473082939631193,8.877703554379408e-06,2.3230412146269996e-08,1e-06,1e-06,0.01,0.02,0.0,nan
1761501138,36,18800,train,0.0,0.0010632916819304228,0.0010538101196289062,9.481544111622497e-06,2.3459463704966765e-08,1e-06,1e-06,0.01,0.02,0.0,nan
1761501140,35,18756,val_end,nan,0.0010535417823120952,0.0010439300676807761,4.80584446904686e-07,nan,1e-06,1e-06,0.01,0.02,nan,0.0
1761501170,36,18800,train,0.0,0.0010632916819304228,0.0010538101196289062,9.481544111622497e-06,2.3459463704966765e-08,1e-06,1e-06,0.01,0.02,0.0,nan
1761501176,36,18800,train,0.0,0.0010632916819304228,0.0010538101196289062,9.481544111622497e-06,2.3459463704966765e-08,1e-06,1e-06,0.01,0.02,0.0,nan
1761501194,36,18900,train,0.0,0.0010820841416716576,0.0010709762573242188,1.1107850696134847e-05,2.916067920466503e-08,1e-06,1e-06,0.01,0.02,0.0,nan
1761501218,36,18900,train,0.0,0.0010820841416716576,0.0010709762573242188,1.1107850696134847e-05,2.916067920466503e-08,1e-06,1e-06,0.01,0.02,0.0,nan
1761501251,36,18900,train,0.0,0.0010820841416716576,0.0010709762573242188,1.1107850696134847e-05,2.916067920466503e-08,1e-06,1e-06,0.01,0.02,0.0,nan
1761501257,36,18900,train,0.0,0.0010820841416716576,0.0010709762573242188,1.1107850696134847e-05,2.916067920466503e-08,1e-06,1e-06,0.01,0.02,0.0,nan
1761501273,36,19000,train,-9.5367431640625e-07,0.001073941239155829,0.0010652542114257812,8.687060471856967e-06,2.381247199423342e-08,1e-06,1e-06,0.01,0.02,0.0,nan
1761501298,36,19000,train,-9.5367431640625e-07,0.001073941239155829,0.0010652542114257812,8.687060471856967e-06,2.381247199423342e-08,1e-06,1e-06,0.01,0.02,0.0,nan
1761501330,36,19000,train,-9.5367431640625e-07,0.001073941239155829,0.0010652542114257812,8.687060471856967e-06,2.381247199423342e-08,1e-06,1e-06,0.01,0.02,0.0,nan
1761501337,36,19000,train,-9.5367431640625e-07,0.001073941239155829,0.0010652542114257812,8.687060471856967e-06,2.381247199423342e-08,1e-06,1e-06,0.01,0.02,0.0,nan
1761501353,36,19100,train,9.5367431640625e-07,0.0010772349778562784,0.001068115234375,9.11968709260691e-06,2.58253276541609e-08,1e-06,1e-06,0.01,0.02,0.0,nan
1761501377,36,19100,train,9.5367431640625e-07,0.0010772349778562784,0.001068115234375,9.11968709260691e-06,2.58253276541609e-08,1e-06,1e-06,0.01,0.02,0.0,nan
1761501410,36,19100,train,9.5367431640625e-07,0.0010772349778562784,0.001068115234375,9.11968709260691e-06,2.58253276541609e-08,1e-06,1e-06,0.01,0.02,0.0,nan
1761501416,36,19100,train,9.5367431640625e-07,0.0010772349778562784,0.001068115234375,9.11968709260691e-06,2.58253276541609e-08,1e-06,1e-06,0.01,0.02,0.0,nan
1761501430,36,19200,train,-1.9073486328125e-06,0.0010448856046423316,0.0010347366333007812,1.0148994988412596e-05,2.7090441889754402e-08,1e-06,1e-06,0.01,0.02,0.0,nan
1761501455,36,19200,train,-1.9073486328125e-06,0.0010448856046423316,0.0010347366333007812,1.0148994988412596e-05,2.7090441889754402e-08,1e-06,1e-06,0.01,0.02,0.0,nan
1761501487,36,19200,train,-1.9073486328125e-06,0.0010448856046423316,0.0010347366333007812,1.0148994988412596e-05,2.7090441889754402e-08,1e-06,1e-06,0.01,0.02,0.0,nan
1761501488,36,19277,epoch,9.152344687200095e-09,0.001068707912375582,0.001059940360100393,8.767555380738256e-06,2.2810270737722175e-08,1e-06,1e-06,0.01,0.02,0.0,nan
1761501492,36,19277,val_end,nan,0.0010405683424323797,0.0010309242643415928,4.822037453777739e-07,nan,1e-06,1e-06,0.01,0.02,nan,0.0
1761501492,36,19200,train,-1.9073486328125e-06,0.0010448856046423316,0.0010347366333007812,1.0148994988412596e-05,2.7090441889754402e-08,1e-06,1e-06,0.01,0.02,0.0,nan
1761501511,37,19300,train,1.9073486328125e-06,0.0010670210467651486,0.001056671142578125,1.0349932381359395e-05,3.202980636274333e-08,1e-06,1e-06,0.01,0.02,0.0,nan
1761501512,36,19277,epoch,9.152344687200095e-09,0.001068707912375582,0.001059940360100393,8.767555380738256e-06,2.2810270737722175e-08,1e-06,1e-06,0.01,0.02,0.0,nan
1761501516,36,19277,val_end,nan,0.0010405683424323797,0.0010309242643415928,4.822037453777739e-07,nan,1e-06,1e-06,0.01,0.02,nan,0.0
1761501536,37,19300,train,1.9073486328125e-06,0.0010670210467651486,0.001056671142578125,1.0349932381359395e-05,3.202980636274333e-08,1e-06,1e-06,0.01,0.02,0.0,nan
1761501544,36,19277,epoch,9.152344687200095e-09,0.001068707912375582,0.001059940360100393,8.767555380738256e-06,2.2810270737722175e-08,1e-06,1e-06,0.01,0.02,0.0,nan
1761501548,36,19277,val_end,nan,0.0010405683424323797,0.0010309242643415928,4.822037453777739e-07,nan,1e-06,1e-06,0.01,0.02,nan,0.0
1761501549,36,19277,epoch,9.152344687200095e-09,0.001068707912375582,0.001059940360100393,8.767555380738256e-06,2.2810270737722175e-08,1e-06,1e-06,0.01,0.02,0.0,nan
1761501553,36,19277,val_end,nan,0.0010405683424323797,0.0010309242643415928,4.822037453777739e-07,nan,1e-06,1e-06,0.01,0.02,nan,0.0
1761501567,37,19300,train,1.9073486328125e-06,0.0010670210467651486,0.001056671142578125,1.0349932381359395e-05,3.202980636274333e-08,1e-06,1e-06,0.01,0.02,0.0,nan
1761501573,37,19300,train,1.9073486328125e-06,0.0010670210467651486,0.001056671142578125,1.0349932381359395e-05,3.202980636274333e-08,1e-06,1e-06,0.01,0.02,0.0,nan
1761501589,37,19400,train,0.0,0.001076676300726831,0.0010700225830078125,6.653676337009529e-06,1.988493636417843e-08,1e-06,1e-06,0.01,0.02,0.0,nan
1761501615,37,19400,train,0.0,0.001076676300726831,0.0010700225830078125,6.653676337009529e-06,1.988493636417843e-08,1e-06,1e-06,0.01,0.02,0.0,nan
1761501649,37,19400,train,0.0,0.001076676300726831,0.0010700225830078125,6.653676337009529e-06,1.988493636417843e-08,1e-06,1e-06,0.01,0.02,0.0,nan
1761501656,37,19400,train,0.0,0.001076676300726831,0.0010700225830078125,6.653676337009529e-06,1.988493636417843e-08,1e-06,1e-06,0.01,0.02,0.0,nan
1761501669,37,19500,train,-9.5367431640625e-07,0.0010582818649709225,0.0010480880737304688,1.0193807611358352e-05,3.0133712414226466e-08,1e-06,1e-06,0.01,0.02,0.0,nan
1761501671,37,19500,val,nan,0.0010406053625047207,0.001031185849569738,4.709773406830209e-07,nan,1e-06,1e-06,0.01,0.02,nan,0.0
1761501694,37,19500,train,-9.5367431640625e-07,0.0010582818649709225,0.0010480880737304688,1.0193807611358352e-05,3.0133712414226466e-08,1e-06,1e-06,0.01,0.02,0.0,nan
1761501696,37,19500,val,nan,0.0010406053625047207,0.001031185849569738,4.709773406830209e-07,nan,1e-06,1e-06,0.01,0.02,nan,0.0
1761501727,37,19500,train,-9.5367431640625e-07,0.0010582818649709225,0.0010480880737304688,1.0193807611358352e-05,3.0133712414226466e-08,1e-06,1e-06,0.01,0.02,0.0,nan
1761501729,37,19500,val,nan,0.0010406053625047207,0.001031185849569738,4.709773406830209e-07,nan,1e-06,1e-06,0.01,0.02,nan,0.0
1761501733,37,19500,train,-9.5367431640625e-07,0.0010582818649709225,0.0010480880737304688,1.0193807611358352e-05,3.0133712414226466e-08,1e-06,1e-06,0.01,0.02,0.0,nan
1761501735,37,19500,val,nan,0.0010406053625047207,0.001031185849569738,4.709773406830209e-07,nan,1e-06,1e-06,0.01,0.02,nan,0.0
1761501749,37,19600,train,-9.5367431640625e-07,0.0010615200735628605,0.0010519027709960938,9.617256182536948e-06,2.333173476642969e-08,1e-06,1e-06,0.01,0.02,0.0,nan
1761501775,37,19600,train,-9.5367431640625e-07,0.0010615200735628605,0.0010519027709960938,9.617256182536948e-06,2.333173476642969e-08,1e-06,1e-06,0.01,0.02,0.0,nan
1761501809,37,19600,train,-9.5367431640625e-07,0.0010615200735628605,0.0010519027709960938,9.617256182536948e-06,2.333173476642969e-08,1e-06,1e-06,0.01,0.02,0.0,nan
1761501815,37,19600,train,-9.5367431640625e-07,0.0010615200735628605,0.0010519027709960938,9.617256182536948e-06,2.333173476642969e-08,1e-06,1e-06,0.01,0.02,0.0,nan
1761501828,37,19700,train,-9.5367431640625e-07,0.0010695464443415403,0.00106048583984375,9.0605853984016e-06,2.2281152922687397e-08,1e-06,1e-06,0.01,0.02,0.0,nan
1761501854,37,19700,train,-9.5367431640625e-07,0.0010695464443415403,0.00106048583984375,9.0605853984016e-06,2.2281152922687397e-08,1e-06,1e-06,0.01,0.02,0.0,nan
1761501888,37,19700,train,-9.5367431640625e-07,0.0010695464443415403,0.00106048583984375,9.0605853984016e-06,2.2281152922687397e-08,1e-06,1e-06,0.01,0.02,0.0,nan
1761501894,37,19700,train,-9.5367431640625e-07,0.0010695464443415403,0.00106048583984375,9.0605853984016e-06,2.2281152922687397e-08,1e-06,1e-06,0.01,0.02,0.0,nan
1761501903,37,19798,epoch,-1.0982813624640116e-08,0.0010617762031355398,0.001053098067212242,8.678134376632948e-06,2.2777091018992783e-08,1e-06,1e-06,0.01,0.02,0.0,nan
1761501907,37,19798,val_end,nan,0.0010385210625827312,0.0010291258804500103,4.697589304214489e-07,nan,1e-06,1e-06,0.01,0.02,nan,0.0
1761501911,38,19800,train,-9.5367431640625e-07,0.001048700069077313,0.0010385513305664062,1.0148773071705364e-05,2.7750829190154036e-08,1e-06,1e-06,0.01,0.02,0.0,nan
1761501929,37,19798,epoch,-1.0982813624640116e-08,0.0010617762031355398,0.001053098067212242,8.678134376632948e-06,2.2777091018992783e-08,1e-06,1e-06,0.01,0.02,0.0,nan
1761501933,37,19798,val_end,nan,0.0010385210625827312,0.0010291258804500103,4.697589304214489e-07,nan,1e-06,1e-06,0.01,0.02,nan,0.0
1761501937,38,19800,train,-9.5367431640625e-07,0.001048700069077313,0.0010385513305664062,1.0148773071705364e-05,2.7750829190154036e-08,1e-06,1e-06,0.01,0.02,0.0,nan
1761501963,37,19798,epoch,-1.0982813624640116e-08,0.0010617762031355398,0.001053098067212242,8.678134376632948e-06,2.2777091018992783e-08,1e-06,1e-06,0.01,0.02,0.0,nan
1761501967,37,19798,val_end,nan,0.0010385210625827312,0.0010291258804500103,4.697589304214489e-07,nan,1e-06,1e-06,0.01,0.02,nan,0.0
1761501968,37,19798,epoch,-1.0982813624640116e-08,0.0010617762031355398,0.001053098067212242,8.678134376632948e-06,2.2777091018992783e-08,1e-06,1e-06,0.01,0.02,0.0,nan
1761501970,38,19800,train,-9.5367431640625e-07,0.001048700069077313,0.0010385513305664062,1.0148773071705364e-05,2.7750829190154036e-08,1e-06,1e-06,0.01,0.02,0.0,nan
1761501973,37,19798,val_end,nan,0.0010385210625827312,0.0010291258804500103,4.697589304214489e-07,nan,1e-06,1e-06,0.01,0.02,nan,0.0
1761501976,38,19800,train,-9.5367431640625e-07,0.001048700069077313,0.0010385513305664062,1.0148773071705364e-05,2.7750829190154036e-08,1e-06,1e-06,0.01,0.02,0.0,nan
1761501987,38,19900,train,-1.9073486328125e-06,0.0010446273954585195,0.0010347366333007812,9.890745786833577e-06,2.733408699384654e-08,1e-06,1e-06,0.01,0.02,0.0,nan
1761502014,38,19900,train,-1.9073486328125e-06,0.0010446273954585195,0.0010347366333007812,9.890745786833577e-06,2.733408699384654e-08,1e-06,1e-06,0.01,0.02,0.0,nan
1761502048,38,19900,train,-1.9073486328125e-06,0.0010446273954585195,0.0010347366333007812,9.890745786833577e-06,2.733408699384654e-08,1e-06,1e-06,0.01,0.02,0.0,nan
1761502055,38,19900,train,-1.9073486328125e-06,0.0010446273954585195,0.0010347366333007812,9.890745786833577e-06,2.733408699384654e-08,1e-06,1e-06,0.01,0.02,0.0,nan
1761502068,38,20000,train,9.5367431640625e-07,0.0010628848103806376,0.001056671142578125,6.21362914898782e-06,1.503194013707798e-08,1e-06,1e-06,0.01,0.02,0.0,nan
1761502094,38,20000,train,9.5367431640625e-07,0.0010628848103806376,0.001056671142578125,6.21362914898782e-06,1.503194013707798e-08,1e-06,1e-06,0.01,0.02,0.0,nan
1761502128,38,20000,train,9.5367431640625e-07,0.0010628848103806376,0.001056671142578125,6.21362914898782e-06,1.503194013707798e-08,1e-06,1e-06,0.01,0.02,0.0,nan
1761502135,38,20000,train,9.5367431640625e-07,0.0010628848103806376,0.001056671142578125,6.21362914898782e-06,1.503194013707798e-08,1e-06,1e-06,0.01,0.02,0.0,nan
1761502147,38,20100,train,9.5367431640625e-07,0.0010669861221686006,0.0010595321655273438,7.4539916568028275e-06,2.1480687451003178e-08,1e-06,1e-06,0.01,0.02,0.0,nan
1761502174,38,20100,train,9.5367431640625e-07,0.0010669861221686006,0.0010595321655273438,7.4539916568028275e-06,2.1480687451003178e-08,1e-06,1e-06,0.01,0.02,0.0,nan
1761502207,38,20100,train,9.5367431640625e-07,0.0010669861221686006,0.0010595321655273438,7.4539916568028275e-06,2.1480687451003178e-08,1e-06,1e-06,0.01,0.02,0.0,nan
1761502215,38,20100,train,9.5367431640625e-07,0.0010669861221686006,0.0010595321655273438,7.4539916568028275e-06,2.1480687451003178e-08,1e-06,1e-06,0.01,0.02,0.0,nan
1761502225,38,20200,train,0.0,0.001083011389710009,0.0010738372802734375,9.174085789709352e-06,2.4649743579630012e-08,1e-06,1e-06,0.01,0.02,0.0,nan
1761502251,38,20200,train,0.0,0.001083011389710009,0.0010738372802734375,9.174085789709352e-06,2.4649743579630012e-08,1e-06,1e-06,0.01,0.02,0.0,nan
1761502284,38,20200,train,0.0,0.001083011389710009,0.0010738372802734375,9.174085789709352e-06,2.4649743579630012e-08,1e-06,1e-06,0.01,0.02,0.0,nan
1761502292,38,20200,train,0.0,0.001083011389710009,0.0010738372802734375,9.174085789709352e-06,2.4649743579630012e-08,1e-06,1e-06,0.01,0.02,0.0,nan
1761502302,38,20300,train,0.0,0.0010649054311215878,0.0010557174682617188,9.187923751596827e-06,2.166176216178428e-08,1e-06,1e-06,0.01,0.02,0.0,nan
1761502315,38,20319,epoch,1.2813282562080134e-08,0.0010648280129215595,0.0010562062034680153,8.621809779984886e-06,2.2646670267379153e-08,1e-06,1e-06,0.01,0.02,0.0,nan
1761502319,38,20319,val_end,nan,0.0010580165544524789,0.0010487028630450368,4.65686497364004e-07,nan,1e-06,1e-06,0.01,0.02,nan,0.0
1761502328,38,20300,train,0.0,0.0010649054311215878,0.0010557174682617188,9.187923751596827e-06,2.166176216178428e-08,1e-06,1e-06,0.01,0.02,0.0,nan
1761502341,38,20319,epoch,1.2813282562080134e-08,0.0010648280129215595,0.0010562062034680153,8.621809779984886e-06,2.2646670267379153e-08,1e-06,1e-06,0.01,0.02,0.0,nan
1761502345,38,20319,val_end,nan,0.0010580165544524789,0.0010487028630450368,4.65686497364004e-07,nan,1e-06,1e-06,0.01,0.02,nan,0.0
1761502361,38,20300,train,0.0,0.0010649054311215878,0.0010557174682617188,9.187923751596827e-06,2.166176216178428e-08,1e-06,1e-06,0.01,0.02,0.0,nan
1761502369,38,20300,train,0.0,0.0010649054311215878,0.0010557174682617188,9.187923751596827e-06,2.166176216178428e-08,1e-06,1e-06,0.01,0.02,0.0,nan
1761502374,38,20319,epoch,1.2813282562080134e-08,0.0010648280129215595,0.0010562062034680153,8.621809779984886e-06,2.2646670267379153e-08,1e-06,1e-06,0.01,0.02,0.0,nan
1761502378,38,20319,val_end,nan,0.0010580165544524789,0.0010487028630450368,4.65686497364004e-07,nan,1e-06,1e-06,0.01,0.02,nan,0.0
1761502381,38,20319,epoch,1.2813282562080134e-08,0.0010648280129215595,0.0010562062034680153,8.621809779984886e-06,2.2646670267379153e-08,1e-06,1e-06,0.01,0.02,0.0,nan
1761502384,39,20400,train,9.5367431640625e-07,0.001079531037248671,0.0010728836059570312,6.647459940722911e-06,1.6809138969620108e-08,1e-06,1e-06,0.01,0.02,0.0,nan
1761502385,38,20319,val_end,nan,0.0010580165544524789,0.0010487028630450368,4.65686497364004e-07,nan,1e-06,1e-06,0.01,0.02,nan,0.0
1761502410,39,20400,train,9.5367431640625e-07,0.001079531037248671,0.0010728836059570312,6.647459940722911e-06,1.6809138969620108e-08,1e-06,1e-06,0.01,0.02,0.0,nan
1761502443,39,20400,train,9.5367431640625e-07,0.001079531037248671,0.0010728836059570312,6.647459940722911e-06,1.6809138969620108e-08,1e-06,1e-06,0.01,0.02,0.0,nan
1761502452,39,20400,train,9.5367431640625e-07,0.001079531037248671,0.0010728836059570312,6.647459940722911e-06,1.6809138969620108e-08,1e-06,1e-06,0.01,0.02,0.0,nan
1761502460,39,20500,train,0.0,0.001085398718714714,0.0010776519775390625,7.746697519905865e-06,1.9530801864675595e-08,1e-06,1e-06,0.01,0.02,0.0,nan
1761502488,39,20500,train,0.0,0.001085398718714714,0.0010776519775390625,7.746697519905865e-06,1.9530801864675595e-08,1e-06,1e-06,0.01,0.02,0.0,nan
1761502520,39,20500,train,0.0,0.001085398718714714,0.0010776519775390625,7.746697519905865e-06,1.9530801864675595e-08,1e-06,1e-06,0.01,0.02,0.0,nan
1761502529,39,20500,train,0.0,0.001085398718714714,0.0010776519775390625,7.746697519905865e-06,1.9530801864675595e-08,1e-06,1e-06,0.01,0.02,0.0,nan
1761502541,39,20600,train,0.0,0.0010700816055759788,0.00106048583984375,9.595734809408896e-06,2.774735285981933e-08,1e-06,1e-06,0.01,0.02,0.0,nan
1761502569,39,20600,train,0.0,0.0010700816055759788,0.00106048583984375,9.595734809408896e-06,2.774735285981933e-08,1e-06,1e-06,0.01,0.02,0.0,nan
1761502601,39,20600,train,0.0,0.0010700816055759788,0.00106048583984375,9.595734809408896e-06,2.774735285981933e-08,1e-06,1e-06,0.01,0.02,0.0,nan
1761502611,39,20600,train,0.0,0.0010700816055759788,0.00106048583984375,9.595734809408896e-06,2.774735285981933e-08,1e-06,1e-06,0.01,0.02,0.0,nan
1761502621,39,20700,train,9.5367431640625e-07,0.0011035967618227005,0.0010967254638671875,6.8713179643964395e-06,1.85183708367731e-08,1e-06,1e-06,0.01,0.02,0.0,nan
1761502649,39,20700,train,9.5367431640625e-07,0.0011035967618227005,0.0010967254638671875,6.8713179643964395e-06,1.85183708367731e-08,1e-06,1e-06,0.01,0.02,0.0,nan
1761502681,39,20700,train,9.5367431640625e-07,0.0011035967618227005,0.0010967254638671875,6.8713179643964395e-06,1.85183708367731e-08,1e-06,1e-06,0.01,0.02,0.0,nan
1761502691,39,20700,train,9.5367431640625e-07,0.0011035967618227005,0.0010967254638671875,6.8713179643964395e-06,1.85183708367731e-08,1e-06,1e-06,0.01,0.02,0.0,nan
1761502700,39,20800,train,9.5367431640625e-07,0.0010606914293020964,0.0010499954223632812,1.0696026947698556e-05,2.790012132436459e-08,1e-06,1e-06,0.01,0.02,0.0,nan
1761502728,39,20800,train,9.5367431640625e-07,0.0010606914293020964,0.0010499954223632812,1.0696026947698556e-05,2.790012132436459e-08,1e-06,1e-06,0.01,0.02,0.0,nan
1761502731,39,20840,epoch,2.9287502999040306e-08,0.001083479190491955,0.0010749886452350872,8.490547976623497e-06,2.2311291133232645e-08,1e-06,1e-06,0.01,0.02,0.0,nan
1761502735,39,20840,val_end,nan,0.0010734209790825844,0.0010641649132594466,4.628024328212632e-07,nan,1e-06,1e-06,0.01,0.02,nan,0.0
1761502758,39,20840,epoch,2.9287502999040306e-08,0.001083479190491955,0.0010749886452350872,8.490547976623497e-06,2.2311291133232645e-08,1e-06,1e-06,0.01,0.02,0.0,nan
1761502759,39,20800,train,9.5367431640625e-07,0.0010606914293020964,0.0010499954223632812,1.0696026947698556e-05,2.790012132436459e-08,1e-06,1e-06,0.01,0.02,0.0,nan
1761502762,39,20840,val_end,nan,0.0010734209790825844,0.0010641649132594466,4.628024328212632e-07,nan,1e-06,1e-06,0.01,0.02,nan,0.0
1761502768,39,20800,train,9.5367431640625e-07,0.0010606914293020964,0.0010499954223632812,1.0696026947698556e-05,2.790012132436459e-08,1e-06,1e-06,0.01,0.02,0.0,nan
1761502784,40,20900,train,-1.9073486328125e-06,0.0010945495450869203,0.001087188720703125,7.360847121162806e-06,2.15848210416425e-08,1e-06,1e-06,0.01,0.02,0.0,nan
1761502789,39,20840,epoch,2.9287502999040306e-08,0.001083479190491955,0.0010749886452350872,8.490547976623497e-06,2.2311291133232645e-08,1e-06,1e-06,0.01,0.02,0.0,nan
1761502793,39,20840,val_end,nan,0.0010734209790825844,0.0010641649132594466,4.628024328212632e-07,nan,1e-06,1e-06,0.01,0.02,nan,0.0
1761502798,39,20840,epoch,2.9287502999040306e-08,0.001083479190491955,0.0010749886452350872,8.490547976623497e-06,2.2311291133232645e-08,1e-06,1e-06,0.01,0.02,0.0,nan
1761502802,39,20840,val_end,nan,0.0010734209790825844,0.0010641649132594466,4.628024328212632e-07,nan,1e-06,1e-06,0.01,0.02,nan,0.0
1761502810,40,20900,train,-1.9073486328125e-06,0.0010945495450869203,0.001087188720703125,7.360847121162806e-06,2.15848210416425e-08,1e-06,1e-06,0.01,0.02,0.0,nan
1761502842,40,20900,train,-1.9073486328125e-06,0.0010945495450869203,0.001087188720703125,7.360847121162806e-06,2.15848210416425e-08,1e-06,1e-06,0.01,0.02,0.0,nan
1761502852,40,20900,train,-1.9073486328125e-06,0.0010945495450869203,0.001087188720703125,7.360847121162806e-06,2.15848210416425e-08,1e-06,1e-06,0.01,0.02,0.0,nan
1761502864,40,21000,train,9.5367431640625e-07,0.0010953617747873068,0.0010900497436523438,5.312062512530247e-06,1.1474770467145845e-08,1e-06,1e-06,0.01,0.02,0.0,nan
1761502866,40,21000,val,nan,0.0010680659906938672,0.0010586905991658568,4.6877079284968204e-07,nan,1e-06,1e-06,0.01,0.02,nan,0.0
1761502892,40,21000,train,9.5367431640625e-07,0.0010953617747873068,0.0010900497436523438,5.312062512530247e-06,1.1474770467145845e-08,1e-06,1e-06,0.01,0.02,0.0,nan
1761502894,40,21000,val,nan,0.0010680659906938672,0.0010586905991658568,4.6877079284968204e-07,nan,1e-06,1e-06,0.01,0.02,nan,0.0
1761502923,40,21000,train,9.5367431640625e-07,0.0010953617747873068,0.0010900497436523438,5.312062512530247e-06,1.1474770467145845e-08,1e-06,1e-06,0.01,0.02,0.0,nan
1761502925,40,21000,val,nan,0.0010680659906938672,0.0010586905991658568,4.6877079284968204e-07,nan,1e-06,1e-06,0.01,0.02,nan,0.0
1761502933,40,21000,train,9.5367431640625e-07,0.0010953617747873068,0.0010900497436523438,5.312062512530247e-06,1.1474770467145845e-08,1e-06,1e-06,0.01,0.02,0.0,nan
1761502935,40,21000,val,nan,0.0010680659906938672,0.0010586905991658568,4.6877079284968204e-07,nan,1e-06,1e-06,0.01,0.02,nan,0.0
1761502946,40,21100,train,2.86102294921875e-06,0.0010821269825100899,0.0010728836059570312,9.24334381124936e-06,2.6808178787973702e-08,1e-06,1e-06,0.01,0.02,0.0,nan
1761502974,40,21100,train,2.86102294921875e-06,0.0010821269825100899,0.0010728836059570312,9.24334381124936e-06,2.6808178787973702e-08,1e-06,1e-06,0.01,0.02,0.0,nan
1761503005,40,21100,train,2.86102294921875e-06,0.0010821269825100899,0.0010728836059570312,9.24334381124936e-06,2.6808178787973702e-08,1e-06,1e-06,0.01,0.02,0.0,nan
1761503015,40,21100,train,2.86102294921875e-06,0.0010821269825100899,0.0010728836059570312,9.24334381124936e-06,2.6808178787973702e-08,1e-06,1e-06,0.01,0.02,0.0,nan
1761503024,40,21200,train,9.5367431640625e-07,0.0010806438513100147,0.0010728836059570312,7.760200787743088e-06,2.07084109860034e-08,1e-06,1e-06,0.01,0.02,0.0,nan
1761503052,40,21200,train,9.5367431640625e-07,0.0010806438513100147,0.0010728836059570312,7.760200787743088e-06,2.07084109860034e-08,1e-06,1e-06,0.01,0.02,0.0,nan
1761503083,40,21200,train,9.5367431640625e-07,0.0010806438513100147,0.0010728836059570312,7.760200787743088e-06,2.07084109860034e-08,1e-06,1e-06,0.01,0.02,0.0,nan
1761503094,40,21200,train,9.5367431640625e-07,0.0010806438513100147,0.0010728836059570312,7.760200787743088e-06,2.07084109860034e-08,1e-06,1e-06,0.01,0.02,0.0,nan
1761503103,40,21300,train,9.5367431640625e-07,0.001053669722750783,0.0010433197021484375,1.0349990589020308e-05,2.8361327508719114e-08,1e-06,1e-06,0.01,0.02,0.0,nan
1761503132,40,21300,train,9.5367431640625e-07,0.001053669722750783,0.0010433197021484375,1.0349990589020308e-05,2.8361327508719114e-08,1e-06,1e-06,0.01,0.02,0.0,nan
1761503150,40,21361,epoch,7.871016430992083e-08,0.0010869735724519717,0.0010786074823244062,8.366089629176337e-06,2.2290150185421773e-08,1e-06,1e-06,0.01,0.02,0.0,nan
1761503154,40,21361,val_end,nan,0.001079599023796618,0.0010704596061259508,4.569683085264842e-07,nan,1e-06,1e-06,0.01,0.02,nan,0.0
1761503159,40,21300,train,9.5367431640625e-07,0.001053669722750783,0.0010433197021484375,1.0349990589020308e-05,2.8361327508719114e-08,1e-06,1e-06,0.01,0.02,0.0,nan
1761503167,40,21300,train,9.5367431640625e-07,0.001053669722750783,0.0010433197021484375,1.0349990589020308e-05,2.8361327508719114e-08,1e-06,1e-06,0.01,0.02,0.0,nan
1761503171,40,21361,epoch,7.871016430992083e-08,0.0010869735724519717,0.0010786074823244062,8.366089629176337e-06,2.2290150185421773e-08,1e-06,1e-06,0.01,0.02,0.0,nan
1761503175,40,21361,val_end,nan,0.001079599023796618,0.0010704596061259508,4.569683085264842e-07,nan,1e-06,1e-06,0.01,0.02,nan,0.0
1761503187,40,21361,epoch,7.871016430992083e-08,0.0010869735724519717,0.0010786074823244062,8.366089629176337e-06,2.2290150185421773e-08,1e-06,1e-06,0.01,0.02,0.0,nan
1761503190,40,21361,val_end,nan,0.001079599023796618,0.0010704596061259508,4.569683085264842e-07,nan,1e-06,1e-06,0.01,0.02,nan,0.0
1761503191,40,21361,epoch,7.871016430992083e-08,0.0010869735724519717,0.0010786074823244062,8.366089629176337e-06,2.2290150185421773e-08,1e-06,1e-06,0.01,0.02,0.0,nan
1761503193,40,21361,val_end,nan,0.001079599023796618,0.0010704596061259508,4.569683085264842e-07,nan,1e-06,1e-06,0.01,0.02,nan,0.0
